AGR001,STO ARGA MAKMUR,102.194,-3.43906
AGR002,PASAR SEBLAT,101.629,-3.19975
AGR003,KETAHUN,101.831,-3.35958
AGR004,TABA PENANJUNG,102.545,-3.66214
AGR005,LAIS,102.05,-3.53342
AGR006,LUBUK DURIAN,102.283,-3.5235
AGR007,KARANG TINGGI,102.455,-3.73114
AGR008,KERKAP,102.186,-3.62139
AGR009,PASAR SEBLAT 2,101.655,-3.25294
AGR010,PONDOK KELAPA,102.24,-3.643
AGR011,TABA LAGAN,102.407,-3.83764
AGR012,PT ALNO ARGA MAKMUR,101.601,-3.13092
AGR013,AIR NAPAL,102.115,-3.58228
AGR014,PEKIK NYARING,102.253,-3.71264
AGR015,ARGA MAKMUR RELOC,102.197,-3.43256
AGR016,KANCING,102.409,-3.76314
AGR017,PAGAR JATI,102.408,-3.64614
AGR018,SUKALANGU,102.112,-3.47875
AGR021,NAPAL PUTIH,101.845,-3.20339
AGR022,ENGGANO,102.275,-5.35089
AGR023,PADANG JAYA,102.126,-3.37422
AGR024,GIRI MULYA,102.06,-3.34514
AGR025,AIR BESI,102.189,-3.52142
AGR026,BATIKNAU/BINTUNAN,101.973,-3.48953
AGR029,GUNUNG AGUNG,102.16,-3.446
AGR031,MARGA SAKTI SEBLAT,101.733,-3.17089
AGR032,URAI,101.872,-3.41294
AGR037,UNIT 9 GIRI MULYA,102.019,-3.33419
AGR038,KEMUMU,102.265,-3.42528
AGR039,SAWANG LEBAR,102.188,-3.5765
AGR040,PT. SANDABI,102.091,-3.30707
AGR041,AIR PETAI,101.675,-3.27725
AGR042,SIDOMUKTI,102.097,-3.36248
AGR043,SUMBER MULYA,101.869,-3.28305
AGR044,BAJAK,102.49,-3.70306
AGR045,MARGA BAKTI,101.88,-3.34156
AGR046,BATUROTO,102.298,-3.46972
AGR051,PEMATANG 3,102.308,-3.5528
AGR052,PAMOR GANDA,101.794,-3.30075
AGR053,PONDOK KUBANG,102.358,-3.72153
AGR054,KARANG TINGGI 2,102.425,-3.74447
AGR055,PONDOK KELAPA 2,102.235,-3.66908
AGR056,GIRIMULYA 2,102.125,-3.33218
AGR058,TANJUNG MUARA,101.938,-3.19976
AGR059,ALNO AGRO UTAMA,101.875,-3.13376
AGR060,DESA TANJUNG DALAM,101.792,-3.19005
AGR061,KELINDANG,102.444,-3.68113
AGR062,DATAR PENOKOT,102.368,-3.62836
AGR064,LUBUK PENDAM,102.216,-3.54665
AGR065,ULAK TANDING,102.02,-3.42537
AGR066,SUKA MEDAN,101.673,-3.19664
AGR067,PADANG BANO,102.095,-3.24024
AGR068,BUMI HARJO,101.842,-3.31206
AGR069,LAIS 2,102.074,-3.50213
AGR070,KEMBANG AYUN,102.295,-3.62268
AGR072,SP 4 AIR RAMI,101.59,-3.09946
AGR073,UNENN,102.463,-3.64232
AGR074,PASAR PEDATI,102.271,-3.72478
AGR075,SIDEREJO KELAPA,102.274,-3.68804
AGR076,PEKIK NYARING 2,102.255,-3.73588
AGR077,TANAH HITAM,102.157,-3.3565
AGR078,PENINJAU BATIKNAU,101.961,-3.40118
AGR079,BUKIT MAKMUR,101.891,-3.37448
AGR080,KURO TIDUR,102.17,-3.40208
AGR081,AGANI ARGAMAKMUR,102.184,-3.42738
AGR083,KOTA BANI,101.628,-3.24308
AGR084,KEMBANG SRI,102.361,-3.79378
AGR085,PEMDA ARGAMAKMUR,102.206,-3.43676
AGR087,KARANG ANYAR ARGAMAKMUR,102.18,-3.43754
AGR089,TANJUNG RAMAN ARGAMAKMUR,102.227,-3.4383
AGR090,PENYANGKAK KERKAP,102.251,-3.53031
AGR091,MIS PULAU PANGGUNG,102.387,-3.80843
AGR092,MANGKURAJO,102.341,-3.26517
AGR093,LEBONG SELATAN,102.304,-3.19314
AGR094,MARGASAKTI PADANG JAYA,102.151,-3.38031
AGR095,PING XIANG,102.535,-3.79014
AGR096,PEMDA BENGKULU TENGAH,102.41,-3.7014
AGR097,GIRI KENCANA,101.843,-3.36024
AGR099,ARGAMULYA,102.1,-3.41366
AGR100,PADANGJAYA 3,102.093,-3.45076
AGR101,RINDU HATI,102.522,-3.71041
AGR103,TALANG PUNGGUK,102.182,-3.48656
AGR104,DESA CAKRA,101.849,-3.387
AGR106,KEMUMU 2,102.244,-3.46382
AGR107,AIR MURING,101.671,-3.23031
AGR108,KARANG PULO 2,101.725,-3.2593
AGR111,BATIK NAU 2,101.968,-3.45142
AGR112,PANORAMA BUKIT KAMBING,102.484,-3.66435
AGR113,GUNUNG SELAN,102.14,-3.4701
AGR114,SERANGAI,101.898,-3.4211
AGR115,TAMBAH PENANDJUNG/Lubuk Sini Taba Penanjung,102.467,-3.71711
AGR116,PAGAR JATI 1,102.379,-3.64081
AGR118,PERUMAHAN PONDOK KELAPA,102.249,-3.68802
AGR119,PagarBanyu,102.232,-3.50674
AGR120,MelatiHarjoKetahun,101.811,-3.26132
AGR121,SemidangKarangTinggi,102.455,-3.82101
AGR122,KARANG TINGGI 1/Tanjung Raman Taba Penanjung,102.467,-3.75465
AGR123,KEMBANG AYUN 1,102.312,-3.63793
AGR125,UlokKupaiBengkuluUtara,101.772,-3.23877
AGR126,RenajayaGiriMulya,102.058,-3.27342
AGR127,PelajauKarangTinggi,102.372,-3.6896
AGR128,PutriHijauBengkuluUtara,101.567,-3.13909
AGR132,Tanjung Harapan Bengkulu,101.829,-3.14858
AGR134,Karang Pulau,101.748,-3.29558
BDL001,LAMPUNG CENTRUM,105.256,-5.41053
BDL002,GUNUNG BALAU,105.31,-5.43117
BDL003,KEDATON LAMPUNG,105.263,-5.37794
BDL004,TELUK BETUNG 1,105.269,-5.44437
BDL005,PALAPA,105.25,-5.42614
BDL006,SUKARAME,105.292,-5.38421
BDL007,SUKADANAHAN,105.219,-5.40833
BDL008,RRI LAMPUNG,105.272,-5.42458
BDL009,TELUK BETUNG 2,105.298,-5.44092
BDL010,PASAR TUGU,105.267,-5.40886
BDL012,GRAPARI LAMPUNG,105.276,-5.40597
BDL013,KOGA,105.251,-5.39931
BDL015,KOTA KARANG,105.25,-5.45928
BDL016,KAMPUNG BARU,105.255,-5.35656
BDL017,KEDAMAIAN,105.288,-5.41224
BDL018,WAY HALIM,105.272,-5.38864
BDL019,TANJUNG SENANG,105.268,-5.36856
BDL020,TANJUNG GADING,105.279,-5.43094
BDL021,KALIBALOK,105.289,-5.39906
BDL022,LABUHAN RATU,105.242,-5.37721
BDL023,PASIR GINTUNG,105.264,-5.39464
BDL024,LANGKAPURA,105.205,-5.38717
BDL025,MALL KARTINI,105.253,-5.41667
BDL026,PLAZA CHANDRA,105.261,-5.41183
BDL027,PENGAJARAN,105.256,-5.43861
BDL030,TELUK BETUNG 3,105.262,-5.45142
BDL031,KAMPUNG BARU 2,105.246,-5.36297
BDL032,PALAPA 3,105.225,-5.38894
BDL033,SIMPUR CENTER,105.258,-5.4128
BDL035,PLAZA MILENIUM ID,105.259,-5.41859
BDL037,SUKARAJA LAMPUNG,105.278,-5.44236
BDL038,TTC LAMPUNG,105.264,-5.42694
BDL039,PERUMNAS LANGKAPURA,105.201,-5.40478
BDL040,KALIAWI,105.243,-5.41342
BDL041,PRAMUKA,105.22,-5.37694
BDL042,CIPTO MANGUNKUSUMO,105.269,-5.43581
BDL043,BUMI KEDATON,105.224,-5.43558
BDL048,PANGERAN MANGKUBUMI,105.238,-5.39511
BDL049,UNILA,105.242,-5.37075
BDL050,PULAU DAMAR,105.29,-5.37122
BDL051,PASAR KOGA,105.263,-5.38706
BDL052,URIP SUMOHARJO,105.282,-5.39053
BDL053,TAMAN GADING JAYA,105.275,-5.41439
BDL055,LAPANGAN SABURAI,105.261,-5.41982
BDL056,KOTA SPANG,105.255,-5.37211
BDL057,GUNUNG TERANG BANDAR LAMPUNG,105.233,-5.38461
BDL058,PERUM DAMRI,105.235,-5.36069
BDL061,SAHID LAMPUNG,105.296,-5.44625
BDL062,RATU DIBALAU,105.283,-5.35744
BDL063,SUKADANAHAN 2,105.233,-5.41814
BDL064,TIRTAYASA,105.306,-5.39781
BDL066,SIMPANG GUNUNG BALAU,105.313,-5.44178
BDL067,WAY LAGA,105.326,-5.43214
BDL068,VILLA CITY GARDEN,105.288,-5.43592
BDL069,LEBAK HAUR,105.296,-5.42367
BDL070,GUBERNURAN LAMPUNG,105.258,-5.44167
BDL071,STO LANGKAPURA,105.213,-5.39667
BDL072,TAMAN PANJANG,105.322,-5.47717
BDL073,RADIO OZ LAMPUNG,105.264,-5.4198
BDL074,BUMI WARAS,105.274,-5.44628
BDL077,HOTEL ANUGERAH LAMPUNG INDOOR,105.258,-5.42086
BDL078,NOVOTEL LAMPUNG INDOOR,105.289,-5.4393
BDL079,KI MAJA,105.272,-5.38008
BDL080,GOR SUMPAH PEMUDA,105.281,-5.38309
BDL081,MOROTAI,105.277,-5.40061
BDL082,PANGERAN DIPONEGORO,105.263,-5.4342
BDL083,IMAM BONJOL,105.254,-5.40728
BDL084,GARUDA HITAM,105.261,-5.40168
BDL085,DURIAN PAYUNG,105.247,-5.41917
BDL086,TALANG,105.263,-5.44531
BDL087,AHMAD YANI LAMPUNG,105.255,-5.42197
BDL088,KOTABARU LAMPUNG,105.269,-5.41839
BDL089,TIRTAYASA 2,105.296,-5.39437
BDL090,RAJABASA,105.23,-5.37047
BDL091,GEDONG AIR,105.241,-5.40089
BDL092,LABUHAN RATU 2,105.255,-5.3804
BDL093,PASAR KOGA 2,105.258,-5.39625
BDL094,IKAN TEMBAKANG,105.287,-5.44281
BDL095,TANJUNG JATI,105.25,-5.44936
BDL096,MALL CENTRAL PLAZA INDOOR,105.252,-5.41984
BDL099,HOTEL AMALIA LAMPUNG,105.259,-5.41682
BDL102,RIDWAN RAIS,105.28,-5.42377
BDL103,PADAT KARYA,105.254,-5.3463
BDL104,JALAN BAGAN,105.27,-5.401
BDL105,SETIABUDI,105.244,-5.44222
BDL106,JALAN MALAHAYATI,105.266,-5.44857
BDL107,PAHOMAN,105.271,-5.43
BDL108,W A RAHMAN,105.186,-5.41829
BDL109,PANGERAN EMIR,105.248,-5.43218
BDL110,KUPANGTEBA,105.265,-5.44082
BDL111,PASAR PANJANG,105.321,-5.46228
BDL112,BADARUDDIN,105.231,-5.39824
BDL113,LABUHAN DALAM BDL,105.24,-5.35134
BDL114,GRIYA SEJAHTERA,105.24,-5.38652
BDL115,SINGKEP,105.315,-5.39053
BDL116,GANG KENANGA,105.278,-5.36719
BDL117,WAY HUWI,105.294,-5.35887
BDL118,TANJUNG BARU BDL,105.28,-5.40962
BDL119,SMU 5,105.249,-5.38631
BDL120,WAY LUNIK,105.311,-5.45556
BDL121,SUKABUMI,105.318,-5.4075
BDL123,TELUK SEMANGKA,105.258,-5.45417
BDL124,RAJA RATU,105.261,-5.36949
BDL125,AMIR HAMZAH LAMPUNG,105.254,-5.42661
BDL126,CENDANA LAMPUNG,105.228,-5.39239
BDL127,KELENGKENG,105.231,-5.40522
BDL129,PULAU TAMBUNAN,105.277,-5.38613
BDL131,IRING MULYO,105.258,-5.44931
BDL132,TEUKU CIK DITIRO,105.205,-5.39864
BDL134,PELITA LAMPUNG,105.252,-5.38223
BDL136,GEDONG MENENG,105.236,-5.37135
BDL137,UNTUNG SUROPATI,105.256,-5.36419
BDL138,BUMI MANTI,105.249,-5.36998
BDL140,TJ KARANG BARAT,105.238,-5.37904
BDL142,SUMUR PUTRI,105.251,-5.43623
BDL143,PUTRA DEWA,105.247,-5.4542
BDL144,CENDANA BASRI,105.273,-5.36468
BDL145,WAY DADI,105.29,-5.37671
BDL146,PULAU SINGKEP,105.3,-5.39135
BDL147,RADEN GUNAWAN,105.216,-5.36211
BDL148,SEGALA MIDER,105.233,-5.39234
BDl149,AGUS SALIM LAMPUNG,105.251,-5.41204
BDL150,PINANG JAYA,105.198,-5.3901
BDL151,VILLA CENDANA,105.222,-5.3831
BDL152,BKP LAMPUNG,105.21,-5.37652
BDL153,AIR MINUM TRIPANCA,105.202,-5.42931
BDL154,MURAI KEMILING,105.198,-5.3901
BDL155,JAGABAYA LAMPUNG,105.271,-5.39361
BDL156,GAMASERA LAMPUNG,105.267,-5.42311
BDL157,WAY LIMUS,105.212,-5.371
BDL158,RANDU LAMPUNG,105.219,-5.38992
BDL159,SISINGAMARAJA BDL,105.24,-5.40646
BDL161,MONGINSIDI BDL,105.253,-5.43088
BDL162,PAKUWON BDL,105.254,-5.44512
BDL163,TAMRIN BDL,105.258,-5.42511
BDL164,WARSITO BDL,105.261,-5.43918
BDL165,KEBUN JERUK BDL,105.263,-5.40864
BDL166,HARUN BDL,105.267,-5.41473
BDL167,ABDUL HAQ,105.238,-5.36926
BDL170,ENDRO SURATMIN,105.289,-5.39015
BDL171,ANTASARI BDL,105.283,-5.4028
BDL172,SULTAN AGUNG,105.276,-5.38215
BDL173,SUKARDI HAMDANI,105.245,-5.38
BDL174,AHMAD DAHLAN,105.273,-5.44106
BDL175,KEMUNING LAMPUNG,105.263,-5.35194
BDL176,BW PANJANG,105.303,-5.44522
BDL177,TEUKU UMAR,105.252,-5.40949
BDL178,MARTADINATA BDL,105.249,-5.4808
BDL179,LINGSUH BDL,105.249,-5.35236
BDL180,DARUSSALAM BDL,105.236,-5.40146
BDL181,ALUN LAMPUNG,105.226,-5.3715
BDL182,JALAN NANGKA BDL,105.269,-5.37253
BDL183,CUT NYAK DIEN BDL,105.253,-5.4185
BDL184,RAJABASA 2 BDL,105.229,-5.36453
BDL185,DIPONEGORO 2 BDL,105.265,-5.43737
BDL186,TIDORE LAMPUNG,105.265,-5.40064
BDL187,PUSKESMAS PANJANG,105.322,-5.46938
BDL188,BUKIT RANDU BDL,105.264,-5.41172
BDL191,ABUNG JAYA BDL,105.242,-5.3599
BDL192,KOMARUDIN BDL,105.239,-5.35553
BDL193,TELUK BONE BDL,105.254,-5.45696
BDL194,RS ADVENT BDL,105.262,-5.39208
BDL195,IMAM BONJOL 2 BDL,105.248,-5.4089
BDL196,SIMPANG MONGONSIDI BDL,105.251,-5.42272
BDL197,KATAMSO BDL,105.256,-5.41357
BDL200,LAYUR BDL,105.265,-5.44625
BDL201,KEDAMARAN BDL,105.317,-5.39983
BDL204,SENOPATI BDL,105.307,-5.37467
BDL205,PEMBANGUNAN BDL,105.294,-5.38055
BDL208,HAYAM WURUK BDL,105.29,-5.4059
BDL210,AMD BAYUR BDL,105.293,-5.41252
BDL211,ANTASARI 2 BDL,105.272,-5.40844
BDL212,SUGRIWO BDL,105.264,-5.40493
BDL213,SAMRATULANGI BDL,105.255,-5.40099
BDL214,TAMIN BDL,105.247,-5.40371
BDL215,SOETA 2 BDL,105.262,-5.36369
BDL216,SOETA BDL,105.251,-5.35845
BDL217,VILLA MUTIARA BDL,105.249,-5.36333
BDL219,ROMEO BDL,105.269,-5.35933
BDL220,NUNYAI RAJABASA BDL,105.233,-5.37444
BDL221,BERINGIN RAYA BDL,105.212,-5.40314
BDL222,KIMAJA 2 BDL,105.271,-5.38466
BDL223,KIMAJA 3 BDL,105.267,-5.38616
BDL224,TEUKU UMAR 2 BDL,105.26,-5.38298
BDL227,MARTADINATA 2 BDL,105.245,-5.47128
BDL230,WAY LUNIK 2 BDL,105.308,-5.45045
BDL233,JAMIN BDL,105.304,-5.44012
BDL236,MAYJEND RYAKUDU,105.305,-5.40703
BDL239,GANG DURIAN BDL,105.247,-5.39878
BDL241,WAY LAGA 2 BDL,105.319,-5.44022
BDL242,SINGKEP 2 BDL,105.308,-5.39397
BDL245,KURIPAN BDL,105.245,-5.44435
BDL246,SINARMULYA BDL,105.244,-5.46181
BDL247,IMMANUEL BDL,105.266,-5.43076
BDL248,PECOH BDL,105.284,-5.43678
BDL249,BAYUR ATAS BDL,105.3,-5.41429
BDL250,RRI SUKARAME 2 BDL,105.299,-5.381
BDL252,MONGONSIDI 2 BDL,105.255,-5.436
BDL253,POLIM SUKARAME,105.247,-5.3929
BDL254,SUKA MENANTI BDL,105.254,-5.39403
BDL258,RAYA HAJIMENA,105.221,-5.35602
BDL260,RAGOM GAWI BDL,105.218,-5.3713
BDL262,PERUMNAS LANGKAPURA 2,105.199,-5.39741
BDL264,KUA SUKARAME BDL,105.298,-5.36575
BDL265,PANGERAN EMIR 2,105.246,-5.42457
BDL280,WAY GOBAK,105.297,-5.43125
BDL283,SOETA MAJA,105.274,-5.37221
BDL284,SOETA 3,105.283,-5.37755
BDL286,BUMIWARAS2 BDL,105.282,-5.44431
BDL302,RIDWAN RAIS 2,105.284,-5.42211
BDL303,SOHARI BDL,105.294,-5.41769
BDL305,RA BASYID BDL,105.262,-5.35792
BDL306,PERUMNAS WAY KANDIS,105.284,-5.36366
BDL307,RADEN SALEH BDL,105.291,-5.36617
BDL309,PERUM PERINTIS,105.257,-5.35041
BDL311,GARUDA HITAM 2 BDL,105.259,-5.40466
BDL322,BKP 2 LAMPUNG,105.211,-5.38794
BDL323,SUKADANAHAN 3,105.223,-5.4216
BDL324,KEDAUNG BDL,105.21,-5.40876
BDL325,WAY PANAS NATAR,105.192,-5.30129
BDL326,TANJUNG GADING 2 BDL,105.277,-5.42638
BDL331,MASTER MAGISTER UBL,105.246,-5.37411
BDL332,GUNUNG KUNYIT BDL,105.292,-5.44425
BDL334,SUDIRMAN BDL,105.263,-5.42259
BDL335,OPTIK INTERNATIONAL BDL,105.259,-5.41416
BDL336,GATOT SUBROTO BDL,105.28,-5.43442
BDL337,BUKIT KENCANA BDL,105.286,-5.39461
BDL338,URIP SUMOHARJO 2 BDL,105.277,-5.391
BDL339,DIPONEGORO 3 BDL,105.26,-5.42795
BDL341,PERUMAHAN SPRINGHILL BDL,105.211,-5.38416
BDL342,SULTAN AGUNG,105.267,-5.38109
BDL343,SULTAN AGUNG 2 BDL,105.259,-5.37815
BDL344,STADION PAHOMAN BDL,105.27,-5.42713
BDL345,WAY NGISON BDL,105.274,-5.43238
BDL346,TANJUNG RAYA BDL,105.275,-5.42091
BDL347,ANTASARI 3 BDL,105.28,-5.40454
BDL348,PLAZA MILENIUM,105.259,-5.419
BDL349,WAY HALIM 2 RELOC,105.275,-5.37726
BDL350,KONI BDL,105.279,-5.37929
BDL352,RYACUDU BDL,105.296,-5.37469
BDL353,TIRTAYASA 3,105.3,-5.396
BDL355,JAGABAYA 2,105.274,-5.39648
BDL356,MOROTAI 2,105.28,-5.39681
BDL357,SUKABUMI INDAH,105.3,-5.4009
BDL358,HOTEL POP LAMPUNG,105.251,-5.42459
BDL360,MALL BOEMI KEDATON,105.259,-5.38234
BDL361,PALAPA X BDL,105.247,-5.41293
BDL362,SUKABUMI INDAH BDL,105.294,-5.402
BDL363,RIDWAN RAIS 3,105.281,-5.41783
BDL364,RATU DIBALAU II,105.28,-5.36
BDL365,CENDANA BASRI II,105.273,-5.36131
BDL368,LABUHAN RATU III,105.251,-5.3761
BDL370,KEDAMAIAN 2,105.286,-5.4086
BDL371,PASIR GINTUNG II,105.268,-5.39708
BDL378,TALANG 2,105.253,-5.45271
BDL379,TANJUNGJATI 3,105.253,-5.453
BDL382,PLAZA CHANDRA 2,105.263,-5.414
BDL383,PASAR TUGU 2,105.269,-5.4057
BDL384,KALIAWI 2,105.247,-5.41293
BDL387,GRIYA SEJAHTERA 3,105.241,-5.39153
BDL388,TEUKU CIK DITIRO 2,105.211,-5.3927
BDL389,TUPAI 2 BDL,105.251,-5.39
BDL390,RAJA RATU 2,105.265,-5.37333
BDL391,KIMAJA 4,105.268,-5.37654
BDL392,PERUMAHAN DOSEN UNILA,105.246,-5.3713
BDL393,GEDONG MENENG 2,105.238,-5.37484
BDL394,RATU DIBALAU III,105.279,-5.36149
BDL395,PERUM IMAM BONJOL,105.218,-5.395
BDL396,TEUKU CIK DITIRO 3,105.204,-5.394
BDL397,PERUM BTN III,105.281,-5.38637
BDL398,BUMI MANTI II,105.242,-5.37387
BDL399,GOLDEN COMUNICATION,105.261,-5.39884
BDL401,JATI MULYO II,105.29,-5.35124
BDL403,HAJIMENA 2,105.23,-5.36041
BDL404,ZAENALABIDIN BDL,105.233,-5.367
BDL405,MESJID VILLA CITRA,105.274,-5.40253
BDL406,POLE REKTORAT UNILA,105.243,-5.36395
BDL407,POLE FAK MIPAUNILAH,105.244,-5.36626
BDL408,JALAN PEMUDABDL,105.261,-5.41198
BDL413,Tanjung Gading MCP,105.269,-5.43977
BDL414,Basuki Rahmat MCP1,105.255,-5.4416
BDL416,Way Kandis MCP 2,105.287,-5.38571
BDL417,Way Kandis MCP 3,105.287,-5.38571
BDL418,Way Kandis,105.271,-5.37464
BDL419,C_BDL419MW1_TBG_WayKandisMCP5,105.278,-5.37417
BDL420,C_BDL420MW1_TBG_PecohRayaMCP1,105.27,-5.44729
BIN001,KAUR,103.35,-4.79181
BIN002,PADANG GUCI,103.183,-4.60528
BIN003,NASAL,103.505,-4.87327
BIN004,TANJUNG IMAN,103.299,-4.70356
BIN005,MAJE,103.429,-4.86097
BIN006,SULAU,103.096,-4.56292
BIN007,KELAM TENGAH,103.21,-4.56019
BIN008,PADANG GUCI ULU,103.234,-4.4965
BIN009,SEMIDANG GUMAI,103.251,-4.67214
BIN010,MUARA TETAP,103.32,-4.75317
BIN011,MERPAS,103.536,-4.91103
BIN012,TANJUNG BULAN KAUR,103.13,-4.57627
BIN013,LUAS KAUR,103.319,-4.65888
BIN014,MUARA SAUNG,103.359,-4.53424
BIN015,ULAK BANDUNG,103.388,-4.52494
BIN016,MUARA SAMBAT,103.398,-4.80531
BIN017,BERINGIN MAJE,103.465,-4.86001
BIN018,GUNUNG TIGA KAUR,103.266,-4.66604
BIN019,PEMDA KAUR,103.347,-4.76187
BIN020,KINAL,103.233,-4.64424
BIN022,SIMPANG TIGA KAUR,103.216,-4.51022
BIN023,TANJUNG BESAR KAUR,103.367,-4.79505
BIN024,PANTAI LINAU,103.412,-4.83193
BIN025,C_BIN025MB1_DMT_Kinal2,103.251,-4.55801
BKL001,STO BENGKULU CENTRUM,102.266,-3.79611
BKL002,STO PAGAR DEWA,102.322,-3.84375
BKL003,PADANG HARAPAN,102.293,-3.82708
BKL004,SUPRATMAN,102.275,-3.76053
BKL006,PASAR BARU,102.253,-3.79546
BKL007,BANDARA BENGKULU,102.343,-3.8585
BKL008,LINGKAR TIMUR,102.298,-3.81261
BKL009,BENGKULU CENTRUM 2,102.283,-3.80811
BKL011,LINGKAR BARAT BENGKULU,102.315,-3.84728
BKL012,SURABAYA,102.326,-3.78461
BKL014,PULAU BAAI,102.319,-3.89236
BKL016,AIR SEBAKUL,102.345,-3.83017
BKL017,PINANG MAS,102.291,-3.77669
BKL018,SAWAH LEBAR,102.279,-3.79575
BKL019,TENGAH PADANG,102.261,-3.78757
BKL020,PENURUNAN,102.268,-3.80747
BKL021,BATANGHARI BENGKULU,102.278,-3.81733
BKL022,HIBRIDA UJUNG,102.321,-3.83631
BKL023,TIMUR INDAH,102.307,-3.81985
BKL024,KANDANG BENGKULU,102.313,-3.86961
BKL025,RAWA MAKMUR,102.275,-3.77736
BKL026,TEBENG,102.294,-3.806
BKL027,PERUMNAS POLDA,102.308,-3.832
BKL028,GRAPARI BENGKULU,102.292,-3.81608
BKL029,MASJID AGUNG BENGKULU,102.261,-3.80249
BKL031,SEKIP BENGKULU,102.276,-3.80517
BKL032,BENGKULU INDAH MALL,102.269,-3.81097
BKL033,MEGA MALL BENGKULU,102.267,-3.79405
BKL034,KEBUN TEBENG,102.285,-3.80022
BKL035,DANAU DENDAM,102.312,-3.79272
BKL036,PASAR MINGGU,102.269,-3.79407
BKL037,KEBUN KENANGA,102.27,-3.80239
BKL038,SAWAH LEBAR BARU,102.278,-3.79155
BKL040,PEMATANG GUBERNUR,102.293,-3.75691
BKL041,TUGU HIU,102.31,-3.76719
BKL042,TELUK SEPANG,102.287,-3.933
BKL043,TAMAN REMAJA (NATADIRJA),102.302,-3.82271
BKL046,PADANG DEDO,102.284,-3.81328
BKL047,KALIMANTAN BENGKULU,102.271,-3.76954
BKL048,SERAYU BENGKULU,102.283,-3.82253
BKL049,MUHAJIRIN,102.303,-3.80761
BKL050,KAMPUNG KELAWI,102.267,-3.77988
BKL051,SEMARAK BENGKULU,102.292,-3.76502
BKL052,IRIAN BENGKULU,102.274,-3.78472
BKL053,BHAKTI HUSADA,102.306,-3.83822
BKL054,MERAWAN RAYA,102.285,-3.7925
BKL055,HIBRIDA RAYA,102.316,-3.831
BKL056,GADING SELEBAR,102.312,-3.84392
BKL057,TELAGA DEWA ASRI,102.309,-3.85574
BKL058,DERMAGA NUSANTARA,102.306,-3.90855
BKL059,PADANG KEMILING,102.332,-3.84637
BKL060,TALANG EMPAT,102.332,-3.83934
BKL061,MERAWAN RAYA 2,102.29,-3.79499
BKL062,PULAU BAAI 2,102.321,-3.90675
BKL063,KANDANG BENGKULU 2,102.32,-3.87028
BKL064,IRIAN BENGKULU 2,102.291,-3.78398
BKL065,BUDI UTOMO BKL,102.267,-3.7561
BKL066,ANGGUT ATAS,102.258,-3.79845
BKL067,PANORAMA BKL,102.313,-3.81572
BKL068,TEBENG 2,102.294,-3.80992
BKL069,LINGKAR TIMUR 2,102.301,-3.81627
BKL070,PANTAI PANJANG,102.271,-3.81157
BKL071,SPARMAN BENGKULU,102.268,-3.799
BKL072,BETUNGAN 2,102.356,-3.88102
BKL073,HOTEL SANTIKA BKL,102.274,-3.79787
BKL074,MAHAKAM BENGKULU,102.18,-3.43754
BKL075,JENGGALU BKL,102.295,-3.83401
BKL076,POLDA BKL,102.311,-3.83687
BKL078,A YANI BKL,102.258,-3.79283
BKL079,SEMERU BKL,102.274,-3.80008
BKL080,CILIWUNG BKL,102.288,-3.82901
BKL081,ASAHAN BKL,102.292,-3.82198
BKL082,TIMUR INDAH 2,102.313,-3.821
BKL083,ARIFIN BKL,102.306,-3.81219
BKL087,PONDOK BULAT,102.279,-3.75703
BKL088,GEDANG 3,102.295,-3.81814
BKL089,PEMBANGUNAN BKL,102.289,-3.81745
BKL090,SELEBAR DEWA BKL,102.323,-3.83155
BKL094,NURI BKL,102.263,-3.79505
BKL096,SUPRAPTO BENGKULU,102.264,-3.79141
BKL098,RAFFLESIA GOLF BKL,102.304,-3.84587
BKL100,PURI LESTARI BKL,102.319,-3.88186
BKL101,SUMUR DEWA BKL,102.32,-3.823
BKL102,ASRAMA HAJI BENGKULU,102.338,-3.85364
BKL103,SINGARAN PATI,102.307,-3.82635
BKL107,PENURUNAN 2 BKL,102.266,-3.80444
BKL110,PERUMAHAN BANDARA BKL,102.349,-3.86621
BKL111,MASJID ATTAQWA BKL,102.319,-3.8174
BKL113,SUNGAI SERUT,102.268,-3.78673
BKL115,BUMI AYU 2,102.321,-3.85885
BKL116,BUMI AYU 3,102.331,-3.86883
BKL119,KEBUN GERAN,102.261,-3.79452
BKL120,BELAKANG PONDOK,102.272,-3.78906
BKL121,BUMI AYU 1,102.321,-3.85284
BKL123,SURABAYA 2,102.323,-3.79231
BKL124,PANTAI JAKAT,102.261,-3.78325
BKL125,SUPRATMAN 2,102.279,-3.76967
BKL126,AIR SEBAKUL 2,102.333,-3.83029
BKL128,SUNGAI SERUT 2,102.305,-3.78738
BKL132,RS TIARA SELLA BENGKULU,102.271,-3.80067
BKL135,STADION SAWAH LEBAR,102.274,-3.7926
BKL138,PONDOK KUBANG 2,103.038,-1.791
BKL145,KAMPUNG CINA,102.249,-3.78914
BKO001,MERANGIN,102.275,-2.06431
BKO002,PAMENANG,102.523,-2.11869
BKO003,MERANGIN 2,102.274,-2.07164
BKO004,MERANGIN 3,102.281,-1.99509
BKO005,KRESNA DUTA,102.481,-2.07881
BKO006,MARGOYOSO,102.3,-1.87806
BKO009,SIMPANG KUAMANG,102.236,-1.75958
BKO010,TANJUNG LAMIN,102.378,-2.05897
BKO011,GUGUK,102.072,-2.15578
BKO012,SUNGAI MANAU,102.001,-2.11386
BKO013,HITAM ULU,102.381,-1.97653
BKO014,PULAU RENGAS,102.214,-2.11211
BKO015,JANGKAT,101.901,-2.607
BKO016,LEMBAH MASURAI,102.005,-2.37842
BKO017,TABIR ULU,102.206,-1.92917
BKO018,MUARA SIAU,102.095,-2.28506
BKO019,SEKANCING,102.203,-2.23808
BKO020,PASAR ATAS BANGKO,102.258,-2.08722
BKO021,PEMATANG KANDIS,102.273,-2.05464
BKO022,PULAU RAYO,102.292,-2.07414
BKO023,PAMENANG 2,102.554,-2.17042
BKO024,KUTO RAYO,102.259,-1.81028
BKO025,TABIR SELATAN,102.427,-1.93144
BKO026,RANTAU LIMAU MANIS,102.419,-1.76011
BKO027,LANGLING,102.33,-2.05292
BKO028,LUBUK GAUNG,102.221,-2.06697
BKO029,PINANG MERAH,102.406,-2.12608
BKO030,TAMBANG EMAS,102.375,-2.20544
BKO031,MAMPUN BARU,102.356,-2.12503
BKO032,SEI PELAKAR,102.589,-2.19083
BKO033,BUNGA ANTOI,102.459,-1.98619
BKO035,BUNGO TANJUNG,102.45,-1.86744
BKO036,TANJUNG REJO,102.353,-1.88594
BKO037,BUKIT BATU,101.95,-2.11956
BKO039,MERANGIN 4,102.276,-2.07018
BKO040,BUKIT SUBUR,102.472,-1.76492
BKO041,SUNGAI KAPAS,102.31,-2.14155
BKO042,MUARA JERNIH,102.171,-1.95319
BKO043,KUTO BARU,102.268,-1.88117
BKO044,PERADUN TEMERAS,102.035,-2.32314
BKO045,DESA TUO,101.904,-2.37721
BKO046,LANTAK SERIBU,102.431,-2.20826
BKO047,BEDENG REJO,102.204,-2.1896
BKO048,GADING JAYA,102.342,-1.99528
BKO049,BUKIT BUNGKUL,102.342,-2.18528
BKO050,RASAU PAMENANG,102.416,-2.17056
BKO051,RANTAU PANJANG,102.294,-1.83739
BKO052,SUNGAI TENANG,101.964,-2.57554
BKO053,DANAU PAUH,101.835,-2.56081
BKO054,KAPUK TABIR,102.245,-1.9049
BKO055,MARKEH,102.134,-2.13172
BKO056,NALO GEDANG,102.131,-2.03878
BKO057,TABIR TIMUR,102.502,-1.71556
BKO058,PULAU TENGAH,101.864,-2.61141
BKO059,SUNGAI ULAK,102.277,-2.02799
BKO060,KODIM MERANGIN,102.313,-2.06809
BKO061,REJOSARI MERANGIN,102.498,-2.16656
BKO062,Renah Pamenang,102.383,-2.16988
BKO063,Sialang Merangin,102.45,-2.13293
BKO066,PASAR RANTAU PANJANG,102.303,-1.84288
BKO067,BANGKO KOTA,102.275,-2.07936
BKO068,TALANG KAWO,102.288,-2.08564
BKO069,TAMBANG BARU,102.294,-1.95924
BKO070,SIMPANG LIMBUR,102.427,-2.07148
BKO071,KOTO RAMI,101.938,-2.36404
BKO072,SUNGAI TEBAL,101.859,-2.39624
BKO073,LUBUK BERINGIN,102.024,-2.23668
BKO075,BELURAN PANJANG,102.374,-1.80963
BKO076,SUNGAI ULAK 2,102.279,-2.04674
BKO079,KEBUN SAYUR BANGKO,102.272,-2.06735
BKO080,BANGKO KOTA 2,102.265,-2.08035
BKO082,BARUNALO,102.072,-2.0275
BKO083,PAMATANG KANDIS 2,102.265,-2.05767
BKO084,SMPN25 NALO GEDANG,102.094,-2.02477
BKO086,TANAH GARO SPC,102.497,-1.684
BKO087,KONI BANGKO,102.279,-2.05905
BKO088,SUNGAI ULAK 3,102.276,-2.03744
BKO089,BUKIT BERINGIN,102.287,-2.21665
BKO090,SUNGAI SAHUT,102.407,-1.98714
BKO091,PASAR ATAS BANGKO 2,102.247,-2.09889
BLU001,BLAMBANGAN UMPU,104.518,-4.50427
BLU002,GUNUNG LABUHAN,104.577,-4.78378
BLU004,SIMPANG EMPAT,104.5,-4.58386
BLU005,KASUI,104.452,-4.71164
BLU006,BANJIT,104.491,-4.79467
BLU008,NEGERI BATIN,104.543,-4.62719
BLU010,REBANG TANGKAS,104.375,-4.66614
BLU011,WAY TUBA,104.413,-4.39325
BLU012,PAKUAN RATU,104.738,-4.42022
BLU013,PT. PSMI,104.748,-4.25417
BLU014,NEGERI AGUNG,104.602,-4.57128
BLU015,BAHUGA,104.567,-4.34531
BLU016,NEGARA BATIN,104.826,-4.38883
BLU017,BALIREJO,104.489,-4.65808
BLU018,UMPU KENCANA,104.467,-4.51006
BLU019,NEGERI BESAR,104.953,-4.42981
BLU020,BUMI BARU,104.428,-4.45558
BLU021,KAYU BATU,104.601,-4.72059
BLU022,CUGA,104.538,-4.68386
BLU023,SOPONYONO,104.703,-4.53717
BLU024,PISANG INDAH,104.454,-4.32914
BLU025,BUAY BAHUGA,104.58,-4.24853
BLU026,BANJAR NEGARA,104.533,-4.76142
BLU027,LEBAK PANIANGAN,104.35,-4.68419
BLU028,SUKAMAJU BAHUGA,104.506,-4.32936
BLU030,SUKA AGUNG,104.524,-4.28953
BLU031,SUKABUMI PAKUAN,104.701,-4.49221
BLU032,MESIR ILIR,104.666,-4.31222
BLU033,MENANGA SIAMANG,104.454,-4.81207
BLU035,KOTABARU WAY KANAN,104.641,-4.44859
BLU036,TANJUNG BULAN,104.407,-4.6898
BLU037,NEGARA BATIN 2,104.837,-4.34113
BLU038,ADI JAYA,104.962,-4.3403
BLU039,GUNUNG SANGKARAN,104.468,-4.48197
BLU040,SUMBER BARU,104.502,-4.83264
BLU041,GISTANG,104.467,-4.68065
BLU042,PAKUAN RATU 2,104.722,-4.33859
BLU044,BALI SADHAR,104.496,-4.73379
BLU045,KAMPUNG SIMPANG TIGA,104.409,-4.63605
BLU046,SRI BASUKI,104.892,-4.41732
BLU047,SAPTO RENGGO,104.646,-4.25273
BLU048,WAY TAWAR,104.739,-4.38282
BLU049,TANJUNG AMAN,104.305,-4.66645
BLU050,BARADATU,104.541,-4.72642
BLU052,SRI REJEKI,104.574,-4.40031
BLU053,RUMBIH,104.783,-4.33269
BLU054,SERUPA INDAH,104.751,-4.4467
BLU055,SUKABUMI PAKUAN 2,104.689,-4.47223
BLU056,TANJUNG AGUNG PAKUAN,104.707,-4.43019
BLU057,GUNUNG LABUHAN 2,104.621,-4.76638
BLU058,DESA NEGERI JAYA,104.92,-4.44053
BLU059,BUMI JAYA,104.865,-4.32045
BLU060,GISTING JAYA,104.909,-4.33738
BLU061,AIR RINGKIH,104.35,-4.61555
BLU062,BUNGURSARI,104.533,-4.59443
BLU063,SUKABUMI BAHUGA,104.537,-4.25957
BLU064,BLAMBANGAN UMPU 2,104.499,-4.51017
BLU066,KALI ASRI WAY KANAN,104.64,-4.6133
BLU068,WONOHARJO,104.516,-4.36808
BLU073,NEGRI BARU,104.469,-4.5937
BLU074,HULU SUNGKAI,104.641,-4.6795
BLU076,PURWA NEGARA,104.796,-4.38232
BLU077,SEMARANG,104.552,-4.71574
BLU078,TIUH BALAK PASAR,104.554,-4.7297
BLU079,PSMI 2,104.805,-4.29178
BLU080,TalangMangga,104.404,-4.74946
BLU081,NEGARA BATIN 3,104.836,-4.4122
BLU082,PERIKANAN,104.365,-4.40989
BLU083,MULYOSARI,104.659,-4.53933
BLU084,SIMPANG PERIKANAN,104.379,-4.394
BLU085,ISLAMIC CENTER WAY KANAN,104.506,-4.53042
BLU086,BANJARSARI,104.571,-4.69073
COB001,COMBAT PAMAPERSADA,103.689,-3.73122
COB002,PRINGSEWU III,104.987,-5.36028
COB005,COMBAT PSMI,104.806,-4.29161
COB010,COMBAT LPPPI,103.097,-1.01556
COB011,WLL CAMPANG,105.297,-5.40767
COB012,WLL GRIYA SUKARAME LAMPUNG,105.306,-5.38754
COB015,COMBAT TEGALMUKTI,105.023,-4.44544
COB016,COMBAT PT.DWINAD NUSA SEJAHTERA,102.361,-3.56628
COB018,COMBAT PING XIANG,102.538,-3.786
COB021,COMBAT BKB NARU 2015,102.268,-3.80747
COB026,COMBAT GRIYA AGUNG,102.261,-3.7821
COB027,COMBAT CANDI MUARA JAMBI,104.758,-2.99274
COB028,COMBAT BENTENG MALBOROUGH,106.451,-3.01333
COB029,COMBAT PKOR WAY HALIM,105.279,-5.37929
COB030,COMBAT CITRA RAYA MENDALO,103.524,-1.633
COB032,COMBAT TANIA MAKMUR,104.961,-3.75318
COB034,COMBAT YONIF 9 MARINIR LAMPUNG,105.185,-5.56694
COB035,COMBAT PT.BSS 2,103.699,-2.32031
COB036,COB036_TSEL_CombatAsramaKodiklatPuslatpurBaturaja,104.306,-4.30126
COB037,COMBAT BRIGIF 3 MARINIR LPG,105.17,-5.616
COB040,PT MEGA SAWINDO,102.235,-1.6849
COB041,COMBAT STO BABAT TOMAN,103.64,-2.739
COB042,COMBAT RAFI 2015 ARIFINDO KERINCI,101.393,-2.0659
COB043,PT AGRO WIYANA,103.109,-1.08111
COB045,COMBAT PT PGE,102.278,-3.24243
COB047,COMBAT CIPTA FUTURA,103.703,-3.50666
COB048,LEMPUING JAYA,104.87,-4.19188
COB050,COMBAT PT.BSS,106.116,-1.87189
COB051,COMBAT OKIPP 2,105.284,-2.74436
COB053,COMBAT RAFI TELESINDO JELUTUNG,103.616,-1.6058
COB054,COMBAT PT KIM,101.759,-1.40225
COB055,Combat Candi Muara Jambi,103.667,-1.47777
COB056,COMBAT PEKON RAWAS KRUI,103.943,-5.2013
COB057,COMBAT PERGUDANGAN KASTARA,103.63,-1.64273
COB058,COMBAT PT.TRIARYANI,103.158,-2.51232
COB061,COMBAT KOTO SUNGAI PENUH,101.409,-2.0831
COB062,COMBAT GUBERNUR JAMBI,103.581,-1.6025
COB064,PEMKAB MURATARA,102.902,-2.735
COB065,PASAR BUNGO 1,102.113,-1.49007
COB066,SEKIP BENGKULU 2,102.278,-3.81142
COB067,PASAR LEMATANG,103.541,-3.78725
COB068,BK10 GUMAWANG,104.648,-4.10937
COB069,COMBAT PALEMBANG ICON,104.747,-2.96416
COB070,COB070,103.824,-1.23661
COB071,CombatSMOLEPUSLATPURBaturaja2017W1,104.312,-4.28972
COB096,COMBAT LOOP KEPO LPG,105.755,-5.8694
COB097,COMBAT BANDARA DEPATI AMIR,106.141,-2.15732
CRP001,STO CURUP,102.525,-3.46606
CRP002,CURUP RELOC,102.523,-3.559
CRP005,CURUP LINGGAU,102.642,-3.45175
CRP006,PADANG ULAK TANDING (PELALO),102.694,-3.46458
CRP008,CURUP 2,102.579,-3.45278
CRP009,KOREM CURUP,102.52,-3.48758
CRP010,AIR DINGIN,102.45,-3.34686
CRP011,PADANG ULAK TANDING ASLI,102.798,-3.37789
CRP015,AIR BANG,102.565,-3.47528
CRP016,TABA RENAH,102.513,-3.44358
CRP020,SIMPANG BELITI,102.742,-3.44475
CRP023,KOTA PADANG,102.965,-3.43058
CRP026,BERMANI ULU,102.447,-3.39014
CRP027,KOTA CURUP,102.532,-3.47433
CRP029,TANJUNG DALAM,102.475,-3.50431
CRP031,MERIGI,102.518,-3.51814
CRP035,MERANTAU,102.871,-3.40791
CRP036,CURUP TIMUR,102.542,-3.45895
CRP038,AIR DUKU,102.613,-3.45668
CRP039,BELITI ULU,102.812,-3.44964
CRP041,TANJUNG SANAI,102.818,-3.35819
CRP042,DUKU ULU,102.561,-3.44698
CRP044,SANTOSO CURUP,102.554,-3.47181
CRP045,COKROAMINOTO CURUP,102.533,-3.46667
CRP046,SAPTAMARGA CURUP,102.534,-3.47978
CRP047,BENGKO DARATAN,102.694,-3.51937
CRP052,SYAHRIAL CURUP,102.53,-3.45697
CRP053,TEMPEL REJO,102.522,-3.49431
CRP054,LINTAS CURUP TENGAH,102.525,-3.47277
CRP055,TIMBUL REJO,102.52,-3.47903
CRP056,PASAR KOTA CURUP,102.529,-3.46307
CRP057,TALANG BENIH,102.518,-3.4695
CRP059,AIRBANG CURUP,102.53,-3.47143
CRP060,PERBO,102.517,-3.45156
CRP063,LUBUK BELIMBING,102.919,-3.41986
CRP064,AIR APO,102.768,-3.40574
CRP066,DESA TELADAN,102.531,-3.49041
CRP069,MERIGI 2,102.516,-3.50306
CRP072,DESA KOTA PAGU,102.529,-3.4309
CRP073,KOTA CURUP 3,102.526,-3.4785
CRP076,Bengko Daratan 2,102.679,-3.49487
GNS001,NEW BANDAR JAYA,105.218,-4.94456
GNS002,GUNUNG MADU,105.288,-4.70344
GNS003,WATES,105.193,-5.09519
GNS004,RUMBIA,105.542,-4.75008
GNS005,GGPC,105.226,-4.82886
GNS006,KOTA GAJAH,105.327,-4.97822
GNS007,SEPUTIH SURABAYA,105.632,-4.68497
GNS008,GUNUNG SUGIH,105.211,-5.00347
GNS009,GPM,105.418,-4.56558
GNS010,TANJUNG RATU,105.104,-4.88556
GNS011,PONCOWATI,105.212,-4.89836
GNS012,PADANG RATU,104.969,-5.04931
GNS013,PUNGGUR,105.274,-5.03969
GNS014,PASAR BANDARJAYA,105.213,-4.93222
GNS015,SEPUTIH MATARAM,105.327,-4.83833
GNS016,PASAR MANDALA,105.393,-4.74483
GNS017,BANDAR AGUNG,105.218,-4.75874
GNS018,SEPUTIH BANYAK,105.447,-4.84864
GNS019,BANGUNREJO,105.03,-5.14517
GNS020,SEPUTIH RAMAN,105.364,-4.91528
GNS021,NAMBAH DADI,105.269,-4.90944
GNS022,SEPUTIH AGUNG,105.149,-4.94511
GNS023,ANAK TUHA,105.036,-5.01997
GNS024,BUMI NABUNG,105.561,-4.682
GNS025,WAY SEPUTIH,105.453,-4.80069
GNS026,BANDAR MATARAM,105.455,-4.72953
GNS027,SENDANG AGUNG,104.889,-5.19506
GNS028,SELAGAI LINGGA,104.832,-5.01258
GNS029,PUBIAN,104.894,-5.08286
GNS030,GUNUNG SUGIH 2,105.21,-4.97839
GNS031,BUMI RATU NUBAN,105.203,-5.05658
GNS032,SIMPANG RANDU,105.491,-4.83081
GNS033,BANDAR SURABAYA,105.723,-4.68022
GNS034,TANJUNG RATU 2,105.16,-4.87792
GNS035,RAMA NIRWANA,105.401,-4.87736
GNS036,BUYUT UDIK,105.269,-4.95897
GNS037,HAJI PEMANGGILAN,105.106,-5.002
GNS038,PROKLAMATOR,105.212,-4.93933
GNS039,HOUSING 4 GMP,105.418,-4.64011
GNS040,YUKUM JAYA,105.215,-4.92519
GNS041,SINAR SARI,105.006,-5.17983
GNS042,WATU AGUNG,105.048,-5.19739
GNS043,SULU SUBAN,105.089,-4.94453
GNS044,SEPUTIH MATARAM 2,105.349,-4.78661
GNS045,WATES BEKRI,105.159,-5.10341
GNS046,TANJUNG JAYA,105.076,-5.10687
GNS047,PASAR PROYEK,105.784,-4.68436
GNS048,SUMBER REJO,105.31,-5.0134
GNS049,BANDARSARI,104.962,-5.08731
GNS050,SELAGAI LINGGA 2,104.857,-5.04514
GNS051,JAYA SAKTI,105.078,-5.07369
GNS052,PADANG RATU 2,104.939,-5.05313
GNS053,SUKAWARINGIN,105.024,-5.08723
GNS054,SENDANG MUKTI,104.888,-5.13553
GNS055,SUBANG JAYA,105.69,-4.67509
GNS056,KALIDADI,104.934,-5.22143
GNS057,TIAS BANGUN,104.879,-5.01201
GNS058,PUTRA RUMBIA,105.585,-4.81275
GNS059,ANAK RATU AJI,104.944,-4.93899
GNS060,UNTORO,105.25,-5.10002
GNS061,TANJUNG ANOM,105.261,-4.77864
GNS062,DUSUN 8 SUSUK,105.566,-4.63882
GNS063,MOJOPAHIT,105.245,-4.98954
GNS064,PONCO WARNO,104.969,-5.17311
GNS065,TERBANGGI ILIR,105.375,-4.6796
GNS066,KOMERING PUTIH,105.15,-5.00408
GNS067,SWASTIKA BUANA,105.517,-4.77708
GNS068,ANAK RATU,104.913,-4.97653
GNS069,LINGGAPURA,104.763,-5.06844
GNS071,SRIKENCONO,105.557,-4.7211
GNS072,SUMBER KATON,105.603,-4.69538
GNS073,ONOHARJO,105.299,-4.86943
GNS074,REJO ASRI,105.346,-4.94556
GNS076,GUNUNG BATIN II,105.21,-4.66333
GNS077,LEMPUYANG BANDAR,105.227,-4.78716
GNS078,BEKRIE,105.132,-5.07274
GNS079,SENDANG AYU,104.982,-5.13433
GNS080,KALIREJO,104.965,-5.225
GNS081,GUNUNG BATIN,105.191,-4.64247
GNS082,TRIMURJO,105.248,-5.13478
GNS084,GUNUNG BATIN BARU,105.208,-4.70425
GNS087,TANJUNG KRAJAN,105.414,-4.85046
GNS088,NYUKANG HARJO,104.846,-5.0726
GNS089,NOTOHARJO,105.224,-5.12507
GNS090,CANDI REJO,105.073,-4.89328
GNS091,PURWOSARI PADANG RATU,104.937,-5.14629
GNS092,KURIPAN,104.992,-5.03632
GNS093,BINJAI NGAGUNG,105.14,-5.14336
GNS094,TERBANGGI BESAR,105.218,-4.88663
GNS095,MATARAM UDIK,105.411,-4.72107
GNS096,SIMPANG TERBANGGI,105.216,-4.87106
GNS097,GUNUNG MADU 2,105.284,-4.71472
GNS099,SENDANG ASIH,104.856,-5.17099
GNS100,SUMBER REJEKI MATARAM,105.507,-4.68017
GNS101,SP2 WAY TERUSAN,105.708,-4.56014
GNS102,STO BANDAR JAYA,105.218,-4.94456
GNS103,PONCO YUKUM JAYA,105.212,-4.90961
GNS104,RAMAYANA LAMTENG,105.331,-4.90342
GNS105,TAMAN SARI LAMTENG,105.486,-4.70695
GNS106,SANGGAR BUANA,105.516,-4.85488
GNS107,SRI MAKMUR,105.411,-4.82382
GNS110,TERBANGGI AGUNG,105.205,-5.02181
GNS111,ADI JAYA TERBANGGI,105.213,-4.93222
GNS112,CEMPAKA PONCOWATI,105.194,-4.90031
GNS113,MERAPI TERBANGGI,105.233,-4.92935
GNS120,DS.SUBINGKARYA,105.411,-4.76815
GNS122,TULUNG SINGKIP,105.049,-4.92531
GNS123,MEKON KALIREJO,104.92,-5.25239
GNS124,KALIREJO BARAT LAUT,104.945,-5.19632
GNS125,SRIKATON TUHA,105.048,-5.07377
GNS127,RAMAYANA 2 LAMTENG,105.335,-4.87402
GNS128,SUMBERSARI RUMBIA,105.509,-4.80467
GNS130,TRIMULYO MATARAM,105.316,-4.80598
GNS131,BINA KARYA PUTRA,105.61,-4.77658
GNS132,NEGARA BUMI UDIK,105.023,-4.98202
GNS136,MATARAM ILIR,105.659,-4.68036
GNS137,KOTA GAJAH 2,105.311,-4.97997
GNS138,NEW BANDARJAYA 2,105.204,-4.94915
GNS139,SEPUTIH AGUNG 2,105.125,-4.92114
GNS140,SEPUTIH AGUNG 3,105.119,-4.97753
GNS141,DHARMA AGUNG,105.364,-4.772
GNS143,NUNGGAL REJO BARAT LAUT,105.258,-5.07692
GNS144,PUTRA RUMBIA 2,105.618,-4.81391
GNS146,NUNGGAL REJO,105.278,-5.064
GNS147,PAYUNG REJO,104.89,-5.1025
GNS149,TANJUNG RATU ILIR,105.127,-4.87691
GNS150,PLAZA BANDAR JAYA,105.213,-4.93498
GNS151,ADIPURO TRIMURJO,105.239,-5.15367
GNS152,PUNGGUR 2,105.256,-5.01747
GNS153,PASAR BANDARJAYA 2,105.209,-4.93466
GNS154,SRIWIJAYA,105.449,-4.761
GNS155,NEW BANDARJAYA 3,105.225,-4.93734
GNS156,PUJOKERTO,105.248,-5.07
GNS157,PagarGadingLampung,105.008,-4.93267
GNS158,CANDIREJO 2,104.659,-4.53933
GNS161,FAJAR MATARAM,105.315,-4.84812
GNS164,TERBANGGI SUBING,105.202,-5.03669
GNS165,SMAN 3 KOTA GAJAH,105.34,-4.98612
GNS166,RENO BASUKI RUMBIA,105.551,-4.73629
GNS167,PABRIK GULAKU,105.49,-4.56918
GNS168,SRI BASUKI SEPUTIH BANYAK,105.456,-4.82616
GNS169,DESA SEPUTIH SURABAYA,105.634,-4.70536
GNS170,PASAR SUKANEGARA,105.033,-5.10885
GNS171,SIMPANG TIAS BANGUN,104.889,-5.0359
GNS172,BalaiDesaKotabaru/KOTABARU PADANG RATU,105.004,-5.0638
GNS173,Kampung Bandar Sari,104.93,-5.09127
GNS174,MargorejoPadangRatu,105.994,-5.1001
GNS175,Pasar Beringin desa karang tani,105.126,-5.02992
GNS177,C_GNS177MB1_TBG_DepokRejoTrimurjo,105.26,-5.16456
GNS179,C_GNS179MG1_TBG_RestuBaruRumbia,105.572,-4.75635
GNS185,C_GNS185MG1_IBS_MataramIlirDalam,105.606,-4.6553
JBI001,JAMBI CENTRUM,103.617,-1.59244
JBI002,SBB PALAPA,103.635,-1.62139
JBI003,TELANAIPURA,103.59,-1.60678
JBI004,SMU 9,103.651,-1.59333
JBI005,SRIWIJAYA,103.568,-1.62986
JBI007,GAJAH MADA L,103.615,-1.60928
JBI008,M TAHER,103.627,-1.60311
JBI009,HUSSEIN,103.605,-1.59469
JBI010,YOS SUDARSO,103.63,-1.58561
JBI011,SEBRANG SUNGAI,103.547,-1.56089
JBI012,KENALI ASAM,103.595,-1.65192
JBI014,AMIR HAMZAH,103.581,-1.61486
JBI015,NEW KOTABARU,103.607,-1.63531
JBI016,SLAMET RIYADI,103.595,-1.60256
JBI017,COKROAMINOTO,103.603,-1.61769
JBI018,THEHOK,103.625,-1.61333
JBI021,KEBON ANDIL,103.623,-1.63456
JBI022,PATTIMURA,103.564,-1.61508
JBI023,PASAR JAMBI,103.644,-1.60703
JBI027,NOVOTEL E,103.615,-1.59589
JBI029,SIPIN,103.589,-1.63214
JBI031,PALMERAH,103.635,-1.64317
JBI032,JELUTUNG,103.618,-1.61917
JBI033,ANGSO DUO,103.614,-1.59047
JBI034,SIJENJANG,103.65,-1.56714
JBI035,MALL KAPUK JAMBI,103.609,-1.59972
JBI036,RAMAYANA JAMBI,103.615,-1.58987
JBI038,KARYA,103.574,-1.60797
JBI039,PAYO LEBAR,103.598,-1.61222
JBI040,HOTEL ABADI JAMBI,103.613,-1.59478
JBI041,TANJUNG LUMUT,103.653,-1.61939
JBI042,AUR DURI,103.545,-1.60156
JBI043,SAM RATULANGI,103.616,-1.59119
JBI044,PANGLIMA POLIM,103.624,-1.59206
JBI045,RADEN MATTAHER,103.615,-1.59419
JBI046,PERTAMINA JAMBI,103.615,-1.64925
JBI047,KAMPUNG RAJA,103.549,-1.63514
JBI049,AMIR HAMZAH 2,103.585,-1.61256
JBI050,ARIF RAHMAN HAKIM,103.577,-1.61203
JBI051,TALANG BAKUNG,103.66,-1.63564
JBI052,BUDIMAN,103.624,-1.60014
JBI053,PEMATANG SULUR,103.567,-1.61219
JBI054,KOLONEL ABUNJANI,103.59,-1.61983
JBI055,SIMPANG PUCUK,103.575,-1.62136
JBI056,KAMPUNG BUGIS,103.552,-1.60804
JBI057,LINGKAR SELATAN 2,103.637,-1.65333
JBI058,KEBUN HANDIL 2,103.621,-1.62781
JBI059,MUARA KUMPEH,103.658,-1.60386
JBI060,JAMBI SELATAN,103.641,-1.61472
JBI061,TALANG BANJAR,103.635,-1.59925
JBI062,PAL LIMA,103.609,-1.62419
JBI067,SIPIN II,103.586,-1.62486
JBI068,JEMBATAN AUR DURI,103.57,-1.57331
JBI069,JAMBI PRIMA MALL INDOOR,103.619,-1.60464
JBI070,MAYANG MENGURAI,103.58,-1.64385
JBI071,TRONA 2 INDOOR,103.589,-1.61939
JBI073,SIMPANG TIGA SIPIN,103.598,-1.62608
JBI074,CEMPAKA PUTIH,103.619,-1.60256
JBI075,TVRI JAMBI,103.572,-1.61497
JBI077,SUKAKARYA JAMBI,103.598,-1.64025
JBI078,SULTAN TAHA,103.64,-1.62758
JBI079,DEPATI PURBO,103.557,-1.599
JBI081,SULAIMAN,103.63,-1.60953
JBI082,SULTAN SYAHRIL,103.652,-1.62736
JBI083,PELTU SIPAHUTAR,103.652,-1.63844
JBI085,KAPTEN PATIMURA,103.557,-1.6189
JBI086,KAMPUNG ARAB,103.606,-1.5773
JBI087,EKA JAYA,103.665,-1.62
JBI088,RADEN WIJAYA,103.623,-1.644
JBI089,JALAN MANGKURAT,103.635,-1.59286
JBI091,GUBERNUR JAMBI INDOOR,103.581,-1.6025
JBI092,SIWABESSY,103.573,-1.59814
JBI093,JUANDA JAMBI,103.584,-1.63778
JBI094,SERMA ISHAK AHMAD,103.58,-1.6338
JBI095,LINDUNG INDAH,103.644,-1.65259
JBI096,YUKA,103.631,-1.64047
JBI097,LETKOL INSYA,103.621,-1.59593
JBI098,TELUK KENALI,103.57,-1.58691
JBI099,JALAN AMD,103.637,-1.60661
JBI100,SILIWANGI JAMBI,103.642,-1.58772
JBI101,DARMASAKTI JAMBI,103.622,-1.65398
JBI102,DANAU TELUK JAMBI,103.642,-1.57531
JBI103,KUMPEH ULU,103.658,-1.55825
JBI104,MALIK IBRAHIM,103.599,-1.60032
JBI105,BELIUNG JAMBI,103.611,-1.67008
JBI106,MAYANG KOTABARU,103.576,-1.66399
JBI107,SIMPANG PERTAMINA,103.603,-1.64747
JBI108,SIMPANG AUR DURI,103.554,-1.59266
JBI109,RATU DAHA,103.647,-1.61781
JBI110,SIMPANG 16 JAMBI,103.578,-1.63022
JBI111,ASAM ATAS,103.611,-1.6427
JBI112,SURYA DARMA,103.595,-1.66929
JBI113,GOLF JAMBI,103.563,-1.6085
JBI114,ZAINIR HAVIS,103.605,-1.62916
JBI115,RADEN BAHRUN,103.596,-1.60756
JBI116,RAMPAI JAMBI,103.577,-1.61725
JBI117,BAGAN PETE,103.569,-1.6425
JBI119,PT EWF JAMBI,103.714,-1.53355
JBI120,SIMPANG MARDAM,103.664,-1.61302
JBI121,JERAMBAH BOLONG,103.641,-1.64411
JBI122,SELAMAT JBI,103.593,-1.6146
JBI124,HARYONO JBI,103.577,-1.60372
JBI125,MAYANG KENALI,103.581,-1.65386
JBI126,MASJID BAITUHAQ,103.567,-1.59945
JBI127,KENALI BESAR,103.55,-1.62827
JBI128,SUNAN JATI,103.59,-1.64761
JBI129,SIMPANG JELUTUNG,103.615,-1.61543
JBI130,SARINEM JAMBI,103.594,-1.6437
JBI131,PATTIMURA 2,103.569,-1.62155
JBI133,KOTA BARU 2,103.61,-1.63858
JBI134,KOTA BARU 3,103.605,-1.63395
JBI135,KEBUN KOLIM,103.681,-1.63271
JBI136,TAMAN ACI,103.665,-1.60013
JBI137,MAJID JAMBI,103.623,-1.56976
JBI138,KASANG JAMBI,103.627,-1.58838
JBI139,SULTAN THAHA 2,103.611,-1.59187
JBI140,SERMA NURMALIK,103.603,-1.5982
JBI141,PURWOSARI BAKUNG JBI,103.668,-1.63311
JBI142,LORONG NUSANTARA JBI,103.655,-1.63286
JBI143,NUSA INDAH JAMBI,103.62,-1.61213
JBI144,HANDYCARFT CENTER JBI,103.625,-1.60964
JBI145,HANDIL JAYA,103.613,-1.63133
JBI146,ADITYAWARMAN JAMBI,103.627,-1.62022
JBI147,GATSU JAMBI,103.616,-1.59965
JBI148,MUTIARA HIJAU JBI,103.583,-1.65785
JBI149,RAYA MENDALO JBI,103.545,-1.62063
JBI150,PERDANA KUSUMA JBI,103.617,-1.59474
JBI151,HIKIMURA JBI,103.583,-1.6202
JBI152,SELARAS PINANG JBI,103.617,-1.58307
JBI154,AGUS SALIM JBI,103.617,-1.63684
JBI155,MEKAKO JBI,103.616,-1.62424
JBI156,PANJAITAN JBI,103.622,-1.62386
JBI157,WAHYU JBI,103.625,-1.62857
JBI159,JUANDA 2 JBI,103.59,-1.64213
JBI162,JALAN JAWA JBI,103.648,-1.63219
JBI163,SURYA DHARMA II,103.599,-1.65758
JBI164,ROYAL GARDEN,103.596,-1.66341
JBI165,WIDYA INDAH,103.63,-1.65543
JBI166,M.TAHER II,103.63,-1.61637
JBI167,SUNGAI SAWANG,103.595,-1.63301
JBI170,STIE ASM,103.597,-1.6186
JBI171,MERPATI JBI,103.604,-1.60949
JBI172,DANAU SIPIN,103.593,-1.59726
JBI173,FATMAWATI JBI,103.619,-1.58779
JBI174,PAYO SELINCA,103.645,-1.60106
JBI175,TANDEAN JBI,103.579,-1.60821
JBI176,PASAR TALANG BANJAR,103.629,-1.59856
JBI177,NIAS HANDIL JAYA,103.611,-1.62756
JBI178,DHARMAWANGSA PALMERAH,103.629,-1.64775
JBI179,KALIJAGA JBI,103.592,-1.62472
JBI181,HOTEL ASTON JAMBI INDOOR,103.604,-1.60142
JBI189,SIMPANG PULAI 2,103.604,-1.60256
JBI190,KERAMAT SUNGKE,103.586,-1.50334
JBI192,ULU GEDONG,103.606,-1.58506
JBI193,QODIR IBRAHIM,103.598,-1.58488
JBI194,TANJUNG PASIR JBI,103.59,-1.5863
JBI199,KENALI BESAR 2,103.552,-1.6227
JBI202,RAWASARI JBI,103.572,-1.63194
JBI203,MENDALO DARAT 2,103.535,-1.60608
JBI206,TANJUNG PINANG JBI,103.629,-1.59192
JBI208,CEMPAKA PUTIH 2 JBI,103.613,-1.60242
JBI210,SMA 11 JBI,103.561,-1.63929
JBI211,DR TAZAR,103.562,-1.59439
JBI212,TELUK KENALI 2,103.573,-1.59168
JBI213,VILLA BUKIT MAS 2,103.557,-1.62588
JBI216,KAMPUNG RAJA 2,103.557,-1.64611
JBI220,LORONG TERATAI JBI,103.635,-1.65944
JBI221,SEMAYANG MALIK,103.575,-1.65323
JBI223,MENDALO LAUT,103.542,-1.58523
JBI231,SIMPANG UNJA,103.523,-1.60982
JBI243,PUCUK RAWASARI,103.576,-1.62617
JBI247,SURYA DHARMA 3,103.602,-1.65244
JBI249,PATIMURA 3,103.562,-1.62161
JBI250,CITRALAND JAMBI,103.58,-1.64992
JBI251,LORONG TEGAL SARI,103.583,-1.63075
JBI252,SIMPANG RIMBO 2,103.542,-1.619
JBI255,SIMPANG KAWAT (SAMSAT),103.605,-1.61188
JBI258,Simpang Bandara Jambi,103.631,-1.62398
JBI259,LR MADRASAH BERINGIN,103.629,-1.63063
JBI260,ASRAMA PM JELUTUNG,103.611,-1.614
JBI261,RANU CELL,103.635,-1.634
JBI265,O2 WESTERN HOTEL,103.617,-1.59921
JBI267,LIPPO MALL JAMBI,103.626,-1.5964
JBI268,PENYENGAT RENDAH,103.601,-1.59186
JBI271,SMPN 22 JAMBI,103.544,-1.6338
JBI274,SMAN 11 JAMBI,103.561,-1.63374
JBI276,PERUM METEOR GARDEN,103.617,-1.6342
JBI281,KANTOR GUBERNUR JAMBI,103.585,-1.6041
JBI284,Juanda 2 JBI,103.585,-1.6345
JBI286,SUNAN KALIJOGO,103.592,-1.62899
JBI288,KODIM 0415 BTH,103.584,-1.60799
JBI296,C_JBI296MW1_DMT_CitraRayaMendalo,103.516,-1.63494
JBI297,SMK BATANGHARI,103.576,-1.62625
JBI300,SAMSAT,103.606,-1.61249
JBI301,RUMAH SAKIT PERTAMINA (BAITURAHIM),103.606,-1.60663
JBI302,KOREM GARUDA PUTIH,103.594,-1.61149
JBI303,HOTEL JAYAKARTA,103.62,-1.60806
JBI305,Rawasari 2 JBI,103.568,-1.63627
JBI306,RUMAH SAKIT ABDUL MANAF,103.58,-1.63983
JBI307,KARYA SUKA ABADI JAMBI PT.,103.622,-1.61494
JBI308,PERUMAHAN VILLA KENALI,103.583,-1.64642
JBI309,LIPPO MALL-2 JAMBI,103.626,-1.5964
JBI310,Payo Lebar 2,103.602,-1.60444
KBI001,KOTABUMI,104.889,-4.8305
KBI002,BUKIT KEMUNING,104.567,-4.865
KBI003,NEW KOTABUMI,104.863,-4.83878
KBI005,KOTABUMI 3,104.878,-4.82344
KBI006,BUNGA MAYANG,104.873,-4.59014
KBI007,OGAN LIMA,104.701,-4.86714
KBI008,KALIBALANGAN,104.983,-4.88108
KBI012,BLAMBANGAN PAGAR,105.038,-4.89664
KBI013,ABUNG TIMUR,105.017,-4.71075
KBI014,SUNGKAI SELATAN,104.797,-4.72092
KBI016,KOTABUMI 4,104.932,-4.85797
KBI018,SUNGKAI UTARA,104.741,-4.65361
KBI019,KOTABUMI UTARA,104.848,-4.77931
KBI020,ABUNG TENGAH,104.767,-4.96189
KBI021,BUMI AGUNG MARGA,104.934,-4.75292
KBI022,ABUNG SEMULI,105.01,-4.80153
KBI023,ABUNG TINGGI,104.631,-4.87206
KBI024,TANJUNG RAJA LAMPUNG,104.658,-4.91036
KBI027,TULUNG BUYUT,104.663,-4.628
KBI030,TALANG BARU,104.76,-4.87314
KBI031,KOTABUMI SELATAN,104.839,-4.87133
KBI032,TARUKO JAYA,104.911,-4.84778
KBI033,MULYOASRI,105.138,-4.63231
KBI035,KOTABUMI 5,104.898,-4.83467
KBI037,MULYOREJO,104.931,-4.66039
KBI038,CABANG EMPAT,104.884,-4.95742
KBI040,HANDUYANG RATU,104.927,-4.60558
KBI041,NYAPA BANYU,104.784,-4.98645
KBI042,KOTANEGARA LAMPUNG,104.799,-4.62452
KBI043,DESA KALI CINTA,104.883,-4.78804
KBI044,TALANG BOJONG,104.806,-4.83786
KBI045,SUKADANA UDIK,104.898,-4.56865
KBI046,SUNGKAI JAYA,104.79,-4.80334
KBI047,SIDOMUKTI LAMPUNG,105.015,-4.75143
KBI048,KALIBALANGAN 2,104.959,-4.87052
KBI049,BURING KENCANA,105.051,-4.80686
KBI050,ABUNG SELATAN,104.948,-4.90763
KBI051,SUNGKAI TENGAH,104.726,-4.72902
KBI052,TANJUNG BARU,104.545,-4.90119
KBI053,ABUNG TIMUR 2,104.972,-4.73303
KBI054,OGAN JAYA,104.695,-4.68979
KBI055,MEKAR ASRI,104.763,-4.70722
KBI056,SAWOJAJAR,104.829,-4.74095
KBI057,SEMULI JAYA,104.987,-4.83688
KBI058,KEDATON ABUNG TENGAH,104.752,-4.92164
KBI059,LABUHAN RATU PASAR,104.777,-4.73639
KBI061,SUNGKAI BARAT,104.679,-4.78486
KBI062,MARGODADI TUMIJAJAR,105.109,-4.65593
KBI063,BUKIT KEMUNING 2,104.577,-4.84104
KBI064,MERAMBUNG,104.66,-4.93093
KBI065,KOTABUMI BARAT,104.868,-4.81456
KBI067,TALANG JEMBATAN,104.807,-4.88789
KBI068,COMOK SINAR JAYA,104.646,-4.81023
KBI069,TULUNG MILI,104.918,-4.83078
KBI070,KEBUN LIMA,104.891,-4.84795
KBI071,GUNUNGSARI ABUNG,105.098,-4.76674
KBI072,DAYA ASRI,105.05,-4.6969
KBI073,NEGERI UJUNG KARANG,104.938,-4.56793
KBI074,BUMI PROKIMAL,104.868,-4.79481
KBI075,NEGARA TULANG BAWANG,104.859,-4.57943
KBI076,PUNAI INDAH KOTA BUMI,104.879,-4.83165
KBI077,KEMBANG TANJUNG ABUNG,104.959,-4.83971
KBI078,PASAR BUKIT KEMUNING,104.573,-4.86043
KBI087,SRI BASUKI KOTABUMI,104.886,-4.82185
KBI088,SINARMAS ALAM,104.886,-4.84133
KBI089,KOTABUMI ILIR,104.891,-4.81384
KBI090,ST SELIBAR JAGAT,104.882,-4.815
KBI091,KELAPA 7,104.902,-4.84089
KBI092,SUDIRMAN KOTABUMI,104.884,-4.82581
KBI093,KOTA ALAM KOTABUMI,104.871,-4.84352
KBI098,AMAN JAYA,104.749,-4.63772
KBI099,GEDUNG KETAPANG,104.782,-4.71133
KBI101,WISATA WAY RAREM,104.818,-4.97672
KBI102,GENDOT MARGOREJO,104.895,-4.76185
KBI103,PASAR TRIMODADI,104.912,-4.92808
KBI104,PAKUAN AGUNG SUNGKAI,104.964,-4.66321
KBI105,KEBUN LIMA 2,104.89,-4.87069
KBI106,DOROWATI,104.886,-4.6768
KBI107,CANDIMAS KOTABUMI,104.92,-4.85567
KBI109,SUKASARI,104.698,-4.983
KBI110,Pasar Karya Tani,104.903,-4.72389
KBI111,WONOMARTO,104.866,-4.744
KBI112,ABUNG TINGGI 2,104.65,-4.87135
KBI113,PARAHIANGAN,104.623,-4.93219
KBI114,BUNGA MAYANG 2,104.837,-4.60041
KBI115,SUKAMENANTI BUKIT KEMUNING,105.588,-4.8674
KBI116,SIDOKAYO,104.588,-4.90908
KBI118,BUKIT KEMUNING 3,104.565,-4.87447
KBI119,ABUNG JAYO,104.943,-4.82424
KBI120,PANCASILA KOTABUMI,104.896,-4.82702
KLA001,NATAR,105.193,-5.3105
KLA002,BRANTI,105.175,-5.21553
KLA003,GUNUNG RAJABASA,105.68,-5.75611
KLA004,KALIANDA,105.589,-5.73167
KLA005,GEDONG TATAAN,105.1,-5.38022
KLA006,SIDOMULYO,105.51,-5.60639
KLA007,TARAHAN,105.348,-5.51672
KLA008,HAJIMENA,105.225,-5.36253
KLA009,BAKAUHENI 1,105.739,-5.84339
KLA010,BAKAUHENI 2,105.743,-5.8595
KLA011,CANDI MAS,105.186,-5.27789
KLA012,MERAK BLANTUNG,105.556,-5.66092
KLA013,TANJUNGAN,105.405,-5.545
KLA014,JATIMULYO,105.292,-5.34181
KLA015,TEGINENENG,105.181,-5.17175
KLA016,BLAMBANGAN,105.649,-5.72928
KLA017,TANJUNG BINTANG,105.414,-5.42056
KLA018,HANURA,105.239,-5.53069
KLA020,KEDONDONG,105.002,-5.45256
KLA021,KATIBUNG,105.452,-5.53047
KLA022,PEMATANG PASIR,105.782,-5.66939
KLA023,PALAS,105.679,-5.65056
KLA024,NEGERI KATON,105.115,-5.25422
KLA025,NEGERI SAKTI,105.164,-5.36833
KLA026,KALIANDA 2,105.586,-5.70186
KLA027,JATI AGUNG,105.287,-5.31353
KLA028,PADANG CERMIN,105.168,-5.6113
KLA029,WAY LIMA,105.038,-5.42203
KLA030,SRAGI,105.752,-5.63181
KLA031,CANDIPURO,105.59,-5.54303
KLA032,MERBAU MATARAM,105.38,-5.45003
KLA033,TARAHAN 2,105.378,-5.56197
KLA034,BANDAR REJO,105.288,-5.21758
KLA035,WATES PADANG CERMIN,105.075,-5.60653
KLA036,PADANG CERMIN 2,105.142,-5.59992
KLA037,TALANG JAWA,105.486,-5.45672
KLA038,KATIBUNG 2,105.47,-5.55303
KLA039,BAKAUHENI 3,105.731,-5.84006
KLA040,MERAK BATIN,105.211,-5.33636
KLA042,PT CPB,105.476,-5.63939
KLA043,BOGOREJO,105.101,-5.39533
KLA044,KETAPANG,105.783,-5.737
KLA045,SIDOMULYO 2,105.529,-5.5795
KLA046,DESA WIYONO,105.128,-5.37532
KLA047,BEGADANG 3,105.171,-5.2395
KLA048,PUNDUH PIDADA,105.147,-5.74014
KLA049,REP. PADANG CERMIN,105.231,-5.5825
KLA051,KARANG SARI,105.724,-5.75625
KLA052,LEMATANG,105.35,-5.40269
KLA053,IR. SUTAMI 2,105.336,-5.41842
KLA055,SRENGSEM,105.329,-5.49758
KLA056,BAKAUHENI 4,105.723,-5.80615
KLA058,PERUM KORPRI,105.302,-5.36264
KLA059,MERAK BLANTUNG 2,105.531,-5.63436
KLA060,BERGEN,105.462,-5.32578
KLA061,CANDIMAS 2,105.183,-5.25522
KLA062,SUKAJAYA,105.249,-5.49831
KLA063,SUKAMAJU,105.374,-5.27236
KLA064,KENJURU,105.528,-5.68514
KLA065,SINAR BANTEN,105.246,-5.33883
KLA068,SUMUR,105.757,-5.85019
KLA072,TRIDARMA YOGA,105.786,-5.77806
KLA076,ROWO REJO,105.055,-5.29042
KLA077,NEGERI KATON 2,105.109,-5.32225
KLA078,WAWASAN,105.503,-5.36744
KLA079,KARANG PUCUNG,105.547,-5.47172
KLA080,NEGERI AMPAI,105.192,-5.36953
KLA081,WATES 2,105.192,-5.13017
KLA082,BANDARA RADEN INTEN INDOOR,105.176,-5.24259
KLA083,TRIMULYO,105.117,-5.17731
KLA084,BAKAUHENI 5,105.753,-5.86249
KLA089,REJOMULYO,105.298,-5.25592
KLA090,DESA PATOK,105.585,-5.61433
KLA091,TENGKUJUH,105.585,-5.78811
KLA092,MAJA,105.155,-5.68225
KLA093,COCA COLA MICRO,105.369,-5.39308
KLA094,PAL PUTIH,105.409,-5.36057
KLA095,BUDI LESTARI,105.471,-5.42011
KLA096,GUNUNG REJO,105.063,-5.56661
KLA097,BERUNDUNG,105.781,-5.63994
KLA098,TAMAN SARI,105.776,-5.70542
KLA099,SUKAPURA,105.726,-5.62647
KLA100,KUNYIR,105.653,-5.83569
KLA101,KALIASIN,105.225,-5.30593
KLA102,REJOSARI NATAR,105.178,-5.29598
KLA103,WAY GALIH,105.357,-5.36497
KLA104,UJAU RAJABASA,105.605,-5.82544
KLA105,TAJIMALELA,105.62,-5.72298
KLA106,MARGODADI,105.352,-5.31576
KLA107,RULUNG JAYA,105.229,-5.21892
KLA109,WAY HARONG,105.027,-5.44258
KLA111,TOTO HARJO,105.69,-5.81416
KLA112,SRI PENDOWO,105.755,-5.72531
KLA113,PESISIR KALIANDA,105.587,-5.76189
KLA114,SIDOASRI,105.545,-5.56393
KLA115,PESANTREN MUHAJIRUN,105.171,-5.31701
KLA116,REJOSARI NATAR 2,105.153,-5.29682
KLA117,SERDANG BINTANG,105.393,-5.411
KLA118,SINDANG SARI,105.335,-5.45138
KLA121,PASAR KEDONDONG,105.001,-5.46876
KLA122,TANJUNG KERTA,104.964,-5.49635
KLA123,KLAWI,105.728,-5.86228
KLA124,SUKA BANJAR,105.178,-5.3504
KLA125,SALAHUDDIN,105.2,-5.353
KLA128,SUKARAME PIDADA,105.18,-5.71971
KLA129,TRI RAHAYU,105.096,-5.21423
KLA130,BATU PAYUNG,105.37,-5.54772
KLA131,STO PANJANG,105.323,-5.47327
KLA132,GALIH LUNIK,105.377,-5.42586
KLA133,KRESNO WIDODO,105.143,-5.22312
KLA134,SUNGAI LANGKA,105.161,-5.38047
KLA135,IR SUTAMI,105.378,-5.39444
KLA136,SIMPANG KALIANDA,105.589,-5.71194
KLA137,BIMA NATAR,105.193,-5.29164
KLA138,SERBAJADI NATAR,105.222,-5.34799
KLA139,SITARA NATAR,105.209,-5.30972
KLA140,TALANG SIDOMULYO,105.485,-5.57507
KLA141,MANDAH,105.176,-5.2009
KLA143,NEGLASARI,105.449,-5.47674
KLA146,SUMBERSARI NATAR,105.204,-5.21937
KLA147,PANCA BAKTI,105.109,-5.13223
KLA148,TALANG MULYA,105.197,-5.45416
KLA149,UMBUL KUNCI,105.228,-5.46936
KLA150,PANTAI MUTUN,105.26,-5.5147
KLA151,GEBANG,105.237,-5.55458
KLA152,SANGGI,105.17,-5.65366
KLA154,SINAR KALIANDA,105.584,-5.72094
KLA155,RUGUK,105.779,-5.80574
KLA157,PELABUHAN BAKAUHENI,105.753,-5.869
KLA158,TAMIMI KALIANDA,105.594,-5.73633
KLA159,SIMPANG KALIANDA 2,105.592,-5.72245
KLA162,PULAU PASIR,105.359,-5.53182
KLA163,FLYOVER NATAR,105.199,-5.32257
KLA164,WATES WAY RATAI,105.065,-5.58489
KLA167,KAMPUNG BARU PIDADA,105.176,-5.70068
KLA169,GEDONG TATAAN 2,105.108,-5.38075
KLA177,WAY PANJI,105.616,-5.64846
KLA178,KALIANDA KEDATON,105.594,-5.72838
KLA179,KALIANDA CANGGU,105.607,-5.72528
KLA180,KALIANDA PEMATANG,105.616,-5.73557
KLA184,PANCASILA,105.263,-5.25691
KLA185,BERNUNG,105.145,-5.35065
KLA186,KARANG RAJA MERBAU,105.386,-5.4827
KLA187,SABAH BALAU,105.339,-5.36891
KLA188,PERUMAHAN PEMDA,105.321,-5.35222
KLA189,WAY SULAN,105.507,-5.48453
KLA191,KATIBUNG 3,105.446,-5.5457
KLA192,SINAR PASMAH,105.615,-5.49988
KLA193,GERNING,105.083,-5.1614
KLA194,BATANG HARI OGAN,105.226,-5.16953
KLA199,KALIASIN TANJUNG BINTANG,105.354,-5.43637
KLA200,BERINGIN KENCANA,105.592,-5.5172
KLA201,Purwodadi Dalam,105.42,-5.37754
KLA202,CATIHAN KARANG RAJA,105.417,-5.49021
KLA203,REJOAGUNG,105.196,-5.1811
KLA204,NUSA INDAH,105.237,-5.34722
KLA205,YOS SUDARSO BDL,105.319,-5.45853
KLA206,PEMANGGILAN NATAR,105.215,-5.34408
KLA208,TAMANSARI NATAR,105.237,-5.33449
KLA209,PANAHAN BRANTI,105.187,-5.26834
KLA210,BATULIMAN INDAH,105.518,-5.52212
KLA211,JAWA KEDONDONG,104.973,-5.46427
KLA212,GEDONG TATAAN 3,105.094,-5.37941
KLA213,PALAS II,105.653,-5.63524
KLA216,BERGEN II,105.443,-5.31737
KLA217,JATI AGUNG 2,105.309,-5.32145
KLA219,TARAHAN III,105.408,-5.57739
KLA223,KALIASIN II,105.22,-5.27206
KLA224,C_KLA224MB1_CMI_MandalaSariSragi,105.716,-5.6545
KLA225,BALINURAGA,105.597,-5.57874
KLA227,TANJUNGAN II,105.424,-5.53259
KLA228,TEGINENENG II,105.156,-5.15663
KLA230,PASAR WIYONO,105.142,-5.38177
KLA231,SIDOMULYO III,105.49,-5.62642
KLA232,TANJUNG BINTANG II,105.44,-5.43841
KLA237,JATI AGUNG III,105.29,-5.322
KLA238,JATI MULYO III,105.291,-5.33283
KLA240,SUKOBAKTIPALAS,105.671,-5.699
KLA244,BERNUNG II,105.144,-5.36587
KLA245,GADING REJOIV,105.078,-5.33658
KLA246,SIDOMULYO 3,105.537,-5.5939
KLA247,KANTOR TNI AL YONIF 3,105.179,-5.61943
KLA250,BanjarsariIIMerakBatin,105.611,-5.52037
KLA251,DESASUKATANI,105.601,-5.66385
KLA253,DESA AGOM,105.576,-5.65313
KLA254,DESA SUAK,105.453,-5.63742
KLA255,DESARUANG TENGAH,105.692,-5.77135
KLA256,RulungSariNatar,105.212,-5.23789
KLA257,DESABUMI DAYA,105.658,-5.66427
KLA259,DESA MARGO LESTARI,105.389,-5.31881
KLA260,DESAWAY MULI,105.588,-5.74828
KLA261,Desa Banding Rajabasa,104.761,-5.29473
KLA262,DESA KELATEN,105.697,-5.73782
KLA264,DESALEBAK DANAU,105.45,-5.29281
KLA265,DESABUMI RESTU,105.638,-5.58871
KLA266,PalembapangKalianda,105.636,-5.73193
KLA267,DESAPURWOSARI,105.26,-5.21738
KLA268,DESA BUMI JAYA,105.606,-5.53321
KLA270,PEKON WARINGIN,105.064,-5.25838
KLA272,DESAWAY KALAM,105.483,-5.32683
KLA273,KIKarangAnyarLamsel,105.273,-5.29034
KLA274,Fajar Baru Jati Agung,105.275,-5.33748
KLA275,PT. CPB 2,105.472,-5.65069
KLA276,Banjar Agung LamSel,105.348,-5.34597
KLA277,Way Urang Padang Cermin,105.112,-5.60534
KOB001,KOBA,106.404,-2.50183
KOB002,NAMANG,106.187,-2.31717
KOB003,SUNGAI SELAN,105.991,-2.37811
KOB004,SIMPANG KATIS,106.061,-2.28642
KOB006,SIMPANG LUBUK,106.66,-2.55897
KOB007,KURAU,106.237,-2.336
KOB008,PENYA,106.304,-2.42264
KOB009,PUPUT,106.129,-2.32778
KOB010,TERAK,106.066,-2.22022
KOB011,AIR MESU,106.147,-2.21794
KOB013,BENTENG YUDONO,106.176,-2.16803
KOB015,CAMBAI JELUTUNG,106.165,-2.27636
KOB016,PERLANG,106.506,-2.54994
KOB017,KAMPUNG DUL,106.126,-2.16092
KOB020,TANJUNG GUNUNG,106.198,-2.22886
KOB021,KOBA 2,106.414,-2.48203
KOB022,PANGKUL,106.118,-2.18825
KOB023,GUNUNG MANGKOL,106.097,-2.2395
KOB025,SIMPANG TERAK,106.077,-2.18103
KOB026,GUNUNG SAGOYA,106.192,-2.19381
KOB027,GUNTUNG,106.355,-2.46747
KOB028,KULUR,106.449,-2.54458
KOB029,LAMPUR,106.05,-2.37944
KOB030,KERANTAI,106.131,-2.43239
KOB032,MUNGGU,106.022,-2.42617
KOB033,SARANG MANDI,106.02,-2.32922
KOB034,NIBUNG KOBA,106.382,-2.52055
KOB035,SARANG IKAN,106.655,-2.5855
KOB036,PUPUT II,106.089,-2.31558
KOB039,BATU BERIGA,106.773,-2.60208
KOB040,SIMPANG KRETAK,106.04,-2.30639
KOB041,DESA JERUK,106.146,-2.19664
KOB042,RSUD KOBA,106.414,-2.51776
KOB043,PEMKOT KOBA,106.421,-2.49506
KOB051,TERENTANG KOBA,106.336,-2.45604
KOB052,KERAKAS,106.117,-2.4047
KOB053,MULIA PENYAK,106.268,-2.37285
KOB055,ARUNG DALAM,106.399,-2.48332
KOB057,PASAR KOBA,106.408,-2.4909
KOB058,DESA BELIMBING,106.478,-2.60615
KOB059,DESA LUBUK,106.592,-2.55448
KOB060,DESA SADAP,106.52,-2.59497
KOB062,AIR MESU 2,106.148,-2.20999
KOB063,BATU BELUBANG,106.198,-2.2002
KOB064,DESA SUNGKAP,106.159,-2.32514
KOB065,NAMANG KOBA/Desa Belilik Namang,106.209,-2.32254
KOT001,PRINGSEWU,104.971,-5.35506
KOT002,KOTA AGUNG,104.658,-5.50325
KOT003,STO TALANG PADANG,104.783,-5.36414
KOT004,WONOSOBO,104.545,-5.48042
KOT005,GISTING,104.733,-5.42292
KOT006,GADINGREJO,105.048,-5.37217
KOT008,PAGELARAN,104.894,-5.37031
KOT009,SUKOHARJO,104.983,-5.30058
KOT010,KOTA AGUNG 3,104.621,-5.49289
KOT011,AMBARAWA,104.961,-5.41011
KOT012,PULAU PANGGUNG LAMPUNG,104.745,-5.31856
KOT013,PARDASUKA,104.931,-5.48058
KOT014,PRINGSEWU 2,104.977,-5.36511
KOT016,ADI LUWIH,105.027,-5.22511
KOT017,SUMBER REJO TANGGAMUS,104.687,-5.37994
KOT018,PUGUNG,104.843,-5.35319
KOT019,SEMAKA,104.484,-5.50386
KOT020,CUKUH BALAK,104.878,-5.65225
KOT021,ULU BELU,104.563,-5.31333
KOT022,KELUMBAYAN,105.049,-5.63386
KOT023,PEMATANG SAWAH,104.552,-5.57173
KOT024,BANYUMAS,104.916,-5.28872
KOT027,REP GISTING,104.712,-5.45631
KOT028,KOTA AGUNG BARAT,104.576,-5.48772
KOT029,AIR KUBANG,104.725,-5.26908
KOT030,GUNUNG ALIP,104.727,-5.35308
KOT031,BULOK,104.89,-5.48458
KOT032,TALANG PADANG 2,104.775,-5.36836
KOT037,KUNCORO,104.467,-5.45389
KOT038,WAY MANAK,104.883,-5.42822
KOT039,LIMAU,104.806,-5.60824
KOT040,DESA PENANGGUNGAN,104.781,-5.42014
KOT041,PASAR MADANG,104.623,-5.49681
KOT042,GADINGREJO 2,105.064,-5.37603
KOT043,BANJAR AGUNG GISTING,104.758,-5.3965
KOT044,BULUREJO,104.968,-5.39269
KOT045,PUTRI MADANG,104.629,-5.48817
KOT046,KEAGUNGAN,104.685,-5.48754
KOT047,PARE REJO,104.993,-5.41086
KOT048,STO KOTA AGUNG,104.641,-5.5007
KOT049,SINAR BARU,104.952,-5.30533
KOT050,BANDUNG BARU,104.98,-5.2629
KOT051,PUJODADI,104.932,-5.4323
KOT052,PAGELARAN 2,104.934,-5.36631
KOT053,CAMPANG GISTING,104.723,-5.38806
KOT054,KUNYAYAN,104.51,-5.46417
KOT055,KACAMARGA,104.916,-5.61992
KOT056,SIMPANG KEBUMEN,104.819,-5.35374
KOT057,SINDANG MARGA,104.77,-5.33571
KOT058,PULAU BENAWANG,104.599,-5.48634
KOT059,BATU BEDIL,104.703,-5.31107
KOT060,KALISARI,104.512,-5.49788
KOT061,RANTAU TIJANG,104.858,-5.36478
KOT063,JOGJAKARTA,105.031,-5.34959
KOT064,PEKON SUKOHARJO,104.977,-5.32436
KOT065,FAJAR ESUK,104.949,-5.34669
KOT066,TANJUNG DALAM PAGELARAN,104.913,-5.40827
KOT067,SUKA AGUNG PARDASUKA,104.885,-5.45617
KOT068,MARGOSARI,104.885,-5.27104
KOT071,WATES PRINGSEWU,105.016,-5.38322
KOT072,WALIAYAP,105.064,-5.39914
KOT073,PASAR SRIPENDOWO,104.409,-5.29
KOT074,AIR NANINGAN,104.711,-5.24246
KOT075,PURWOSARI KELUMBAYAN,105.021,-5.63176
KOT076,ISLAMIC CENTER TANGGAMUS,104.643,-5.48585
KOT077,PEMDA TANGGAMUS,104.683,-5.47615
KOT078,SUMANDA,104.811,-5.39001
KOT079,TUGU PAPAK,104.508,-5.5353
KOT080,DATARAJAN,104.589,-5.34271
KOT081,GUNUNG SARI TANGGAMUS,104.459,-5.24062
KOT082,KILAUAN NEGERI,105.119,-5.75593
KOT083,WARINGINSARI TIMUR,105.016,-5.26235
KOT084,BATU PATAH,105.016,-5.68178
KOT085,PRINGSEWU 4,104.979,-5.35641
KOT086,PAJARESUK PRINGSEWU,104.96,-5.35619
KOT087,REP. GUNUNG SARI TANGGAMUS,104.534,-5.2918
KOT088,WAY PANAS,104.56,-5.44317
KOT090,AIR BAKOMAN,104.66,-5.30219
KOT091,PRINGSEWU BARAT,104.975,-5.34909
KOT092,PODOSARI PRINGSEWU,104.975,-5.33759
KOT093,TUMPAK BAYUR,104.456,-5.51958
KOT095,KURIPAN KOTAAGUNG,104.625,-5.49128
KOT096,NEGERI RATU KOTAAGUNG,104.617,-5.49005
KOT097,TERBAYA KOTA AGUNG,104.63,-5.50098
KOT099,PEKON PRINGSEWU,104.999,-5.36274
KOT100,YANI PRINGSEWU,104.993,-5.35906
KOT101,KOTA AGUNG PUSAT,104.629,-5.49441
KOT102,ULU SEMONG,104.457,-5.20727
KOT104,PEMDA PRINGSEWU,105.005,-5.34723
KOT105,TALANG PADANG 3,104.79,-5.35985
KOT106,TALANG PADANG 4,104.78,-5.35739
KOT107,PAGELARAN III,104.91,-5.36582
KOT111,GADING REJO III,105.062,-5.34951
KOT113,SIMPANG BATU BALAI,104.68,-5.50823
KOT114,GISTING III,104.723,-5.43617
KOT115,PANDAN SARI,105.012,-5.30316
KOT116,SUGIMORO,104.984,-5.27956
KOT119,BANJAR NEGERI GISTING,104.761,-5.41222
KOT120,TAMBAH REJO,105.027,-5.38209
KOT122,NAPAL,104.867,-5.51696
KOT123,PTPN WAY LAYAP,105.066,-5.41731
KOT124,TALANG PADANG 5,104.777,-5.36217
KOT125,MATHLAUL ANWAR,104.725,-5.41918
KOT127,C_KOT127MW1_CMI_GistingII,104.716,-5.44233
KOT128,LIMAU 2,104.813,-5.59836
KOT131,SUMBER REJO II,104.696,-5.36246
KOT132,SUMBER REJO III,104.696,-5.38917
KOT133,PADANG SURYO,104.952,-5.35881
KOT134,TALANGPADANG 6,104.782,-5.358
KOT135,PRINGSEWU 5,104.973,-5.36
KOT138,AMBARAWA II,104.939,-5.41423
KOT139,AMBARAWA BARAT,104.864,-5.29555
KOT140,WONODADI GADING REJO,105.057,-5.3742
KOT142,DESA PAGELARAN IV,104.931,-5.39189
KOT143,WARINGINSARI BARAT,104.984,-5.27956
KOT144,TRIDADI KOTA AGUNG BARAT,104.56,-5.48328
KOT145,DESA PAGELARAN V,104.891,-5.34903
KOT146,Desa Asrama,104.755,-5.36722
KOT147,Lapangan Bola Singosari,104.75,-5.34636
KOT148,DESA TANGKIT SERDANG,104.819,-5.32549
KOT150,WAY HARONG TANGGAMUS,104.761,-5.29473
KOT151,PEKON ATAR BRAK,104.808,-5.56163
KOT152,TDC Pringsewu,104.983,-5.35653
KPH001,KEPAHYANG,102.581,-3.64578
KPH002,TEBAT KARAI,102.65,-3.674
KPH003,KEBAN AGUNG,102.705,-3.70317
KPH004,BATU BANDUNG,102.736,-3.64172
KPH005,KEBAWETAN,102.635,-3.58581
KPH006,DASPETAH,102.542,-3.59964
KPH007,TEBAT MONOK,102.583,-3.65867
KPH008,IMIGRASI PERMU,102.605,-3.64925
KPH009,KEPAHYANG 2,102.566,-3.6328
KPH010,PASAR KEPAHIANG,102.575,-3.64471
KPH012,PASAR UJUNG,102.587,-3.6504
KPH013,PEMUKIMAN DESPETAH ROAD,102.549,-3.61493
KPH014,DESA TEBAT KARAI 2,102.621,-3.66413
KPH015,DESA MUARA LANGKAP,102.719,-3.72769
KPH016,DESA TANGSI BARU,102.592,-3.60371
KTL001,PULP JAMBI,103.076,-1.01261
KTL002,KUALA TUNGKAL,103.466,-0.81296
KTL003,KUALA TUNGKAL 2,103.45,-0.836028
KTL006,PELABUHAN DAGANG,103.043,-1.10836
KTL007,BETARA,103.402,-1.10703
KTL008,BUKIT TAMBI,103.222,-1.30031
KTL009,TUNGKAL ULU,103.082,-1.14567
KTL012,MERLUNG,103.051,-1.26383
KTL014,PURWODADI,103.162,-1.12161
KTL015,PEMATANG LUMUT,103.378,-1.01289
KTL016,TELUK NILAU,103.213,-0.85125
KTL017,RANTAU BADAK,103.099,-1.27144
KTL020,KUALA TUNGKAL 3,103.373,-0.910444
KTL021,SUNGAI TAPAH,103.209,-1.17925
KTL023,KUALA TUNGKAL 4,103.462,-0.817917
KTL024,KAMPUNG BARU BACKBONE,103.015,-1.09889
KTL025,PELABUHAN DAGANG 2,102.941,-1.06092
KTL031,WKS CAMP IV,102.976,-1.38211
KTL033,TELUK SIALANG,103.444,-0.878556
KTL036,TUNGKAL ILIR,103.471,-0.82176
KTL037,SUBAN TULU,102.822,-0.988472
KTL038,BADANG,103.066,-1.20589
KTL039,DUSUN MUDO,103.16,-1.26783
KTL041,SIMPANG RAMBUTAN,102.873,-1.03061
KTL047,PEMBENGIS,103.411,-0.861361
KTL048,PT AGRO WIYANA,103.083,-1.01533
KTL050,TUNGKAL DUA,103.461,-0.82257
KTL051,TUNGKAL TIGA,103.471,-0.840556
KTL055,RENAH MENDALUH,102.844,-1.27631
KTL057,PARIT PUDIN,103.307,-0.880583
KTL058,SENYERANG,103.153,-0.827917
KTL059,INTI INDOSAWIT,102.949,-1.31759
KTL061,TANJUNG BOJO,102.968,-1.07106
KTL063,PARIT PUDIN PASAR,103.312,-0.82479
KTL064,BATANG ASAM,102.987,-1.08185
KTL065,LONTAR PAPYRUS OFFICE,103.075,-1.0038
KTL066,TALANG HARAPAN,103.089,-1.03782
KTL067,PASAR KUALA TUNGKAL,103.455,-0.81825
KTL069,MEKAR BETARA,103.376,-0.96326
KTL070,PINANG GADING,103.07,-1.324
KTL071,SP9 PAPALIK,103.168,-1.32233
KTL072,TERJUN GAJAH,103.411,-1.15841
KTL073,SUBAN TANJABBAR,102.905,-1.05852
KTL074,MUARA PAPALIK,103.129,-1.32102
KTL075,CINTA DAMAI,102.916,-1.33574
KTL076,KEBUN SUKADAMAI,103.141,-1.02548
KTL077,ADIPURWA,103.027,-1.36259
KTL078,AGUS NGENOT TUNGKAL,103.465,-0.830161
KTL083,SMKN1 KUALA TUNGKAL,103.477,-0.82982
KTL084,DATARAN KEMPAS,103.18,-1.11356
KTL085,PULAU PAUH,102.947,-1.2708
KTL086,KUALA TUNGKAL 5,103.467,-0.81774
KTL088,MANUNGGAL TUNGKAL DUO,103.472,-0.817454
KTL089,TUNGKAL EMPAT KOTA,103.455,-0.82923
KTL090,DESA PENYABUNGAN,103,-1.2637
KTL093,C_KTL093MB1_DMT_LubukLawas,102.966,-1.11647
KTL094,DESA SRI AGUNG,102.926,-1.04078
KTL095,DESA BRASAU,103.089,-1.06673
KTL096,DESA SUNGAI TAWAR,103.625,-0.997324
KTL097,Senyerang 2,103.1,-0.80712
